date, pm25, pm10, o3, no2, so2
2026/1/1, 73, 18, 17, 12, 
2026/1/2, 62, 9, 19, 10, 
2026/1/3, 28, 9, 25, 10, 
2026/1/4, 29, 12, 19, 12, 
2026/1/5, 40, 15, 18, 13, 
2026/1/6, 47, 19, 17, 15, 
2026/1/7, 56, 17, 12, 17, 
2026/1/8, 40, 28, 7, 19, 
2026/1/9, 81, 10, 26, 12, 
2026/1/10, 24, 5, 22, 6, 
2026/1/11, 10, 14, 15, 15, 
2026/1/12, 26, 15, 9, 18, 
2026/1/13, 31, 19, 4, 15, 
2026/1/14, 60, 22, 3, 14, 
2026/1/15, 71, 33, 3, 15, 
2026/1/16, 99, 23, 6, 15, 
2026/1/17, 76, 16, 12, 9, 
2026/1/18, 53, 25, 6, 12, 
2026/1/19, 76, 34, 7, 16, 
2026/1/20, 92, 24, 9, 13, 
2026/1/21, 73, 32, 10, 16, 
2026/1/22, 92, 31, 5, 15, 
2026/1/23, 89, 17, 10, 12, 
2026/1/24, 64, 8, 13, 8, 
2026/1/25, 30, 9, 15, 11, 
2026/1/26, 31, 9, 15, 14, 
2026/1/27, 21, 7, 20, 13, 
2026/1/28, 24, 14, 17, 12, 
2026/1/29, 52, , , , 
2025/10/1, 28, 9, 29, 5, 
2025/10/2, 22, 11, 29, 6, 
2025/10/3, 28, 16, 28, 5, 
2025/10/4, 51, 5, 27, 3, 
2025/10/5, 13, 4, 27, 7, 
2025/10/6, 7, 10, 25, 9, 
2025/10/7, 19, 21, 35, 7, 
2025/10/8, 54, 32, 37, 9, 
2025/10/9, 84, 29, 30, 8, 
2025/10/10, 78, 22, 35, 6, 
2025/10/11, 63, 26, 22, 5, 
2025/10/12, 77, 25, 25, 7, 
2025/10/13, 72, 26, 24, 8, 
2025/10/14, 72, 26, 24, 7, 
2025/10/15, 71, 20, 28, 9, 
2025/10/16, 54, 16, 24, 8, 
2025/10/17, 45, 18, 27, 7, 
2025/10/18, 59, 24, 31, 6, 
2025/10/19, 69, 25, 15, 10, 
2025/10/20, 74, 8, 14, 7, 
2025/10/21, 25, 11, 18, 7, 
2025/10/22, 29, 13, 11, 9, 
2025/10/23, 41, 4, 29, 8, 
2025/10/24, 8, 6, 25, 8, 
2025/10/25, 15, 2, 27, 4, 
2025/10/26, 6, 4, 26, 7, 
2025/10/27, 5, 6, 22, 10, 
2025/10/28, 10, 9, 8, 13, 
2025/10/29, 26, 6, 12, 11, 
2025/10/30, 16, 10, 5, 9, 
2025/10/31, 22, 9, 12, 7, 
2025/11/1, 32, 9, 19, 6, 
2025/11/2, 32, 3, 30, 6, 
2025/11/3, 7, 8, 19, 10, 
2025/11/4, 18, 8, 18, 11, 
2025/11/5, 19, 8, 18, 11, 
2025/11/6, 18, 12, 17, 13, 
2025/11/7, 34, 16, 23, 8, 
2025/11/8, 54, 25, 25, 8, 
2025/11/9, 79, 17, 17, 12, 
2025/11/10, 50, 12, 16, 14, 
2025/11/11, 30, 14, 16, 14, 
2025/11/12, 35, 14, 13, 13, 
2025/11/13, 38, 18, 7, 16, 
2025/11/14, 43, 23, 5, 13, 
2025/11/15, 78, 9, 7, 11, 
2025/11/16, 36, 5, 31, 7, 
2025/11/17, 12, 7, 31, 10, 
2025/11/18, 16, 12, 18, 10, 
2025/11/19, 39, 15, 19, 11, 
2025/11/20, 51, 4, 26, 6, 
2025/11/21, 9, 4, 26, 7, 
2025/11/22, 11, 6, 24, 8, 
2025/11/23, 22, 13, 17, 11, 
2025/11/24, 48, 9, 11, 11, 
2025/11/25, 33, 4, 25, 7, 
2025/11/26, 5, 9, 23, 10, 
2025/11/27, 16, 15, 13, 15, 
2025/11/28, 34, 10, 16, 13, 
2025/11/29, 31, 10, 15, 11, 
2025/11/30, 36, 26, 4, 15, 
2025/12/1, 79, 31, 4, 15, 
2025/12/2, 92, 14, 9, 11, 
2025/12/3, 45, 12, 5, 12, 
2025/12/4, 42, 10, 13, 10, 
2025/12/5, 33, 7, 13, 10, 
2025/12/6, 22, 8, 7, 12, 
2025/12/7, 31, 6, 13, 11, 
2025/12/8, 23, 11, 8, 12, 
2025/12/9, 33, 11, 8, 12, 
2025/12/10, 31, 13, 7, 12, 
2025/12/11, 35, 12, 10, 12, 
2025/12/12, 30, 8, 11, 11, 
2025/12/13, 26, 7, 12, 11, 
2025/12/14, 26, 14, 6, 15, 
2025/12/15, 38, 11, 11, 14, 
2025/12/16, 40, 8, 9, 14, 
2025/12/17, 26, 12, 2, 15, 
2025/12/18, 47, 15, 6, 11, 
2025/12/19, 44, 16, 4, 8, 
2025/12/20, 53, 20, 12, 8, 
2025/12/21, 64, 20, 6, 10, 
2025/12/22, 60, 12, 5, 12, 
2025/12/23, 39, 8, 8, 10, 
2025/12/24, 28, 6, 8, 7, 
2025/12/25, 25, 6, 13, 6, 
2025/12/26, 26, 8, 13, 8, 
2025/12/27, 30, 6, 10, 10, 
2025/12/28, 20, , , , 
2025/7/1, 26, 10, 55, 5, 
2025/7/2, 24, 11, 52, 4, 
2025/7/3, 29, 14, 50, 4, 
2025/7/4, 36, 10, 45, 3, 
2025/7/5, 30, 12, 53, 2, 
2025/7/6, 34, 7, 36, 3, 
2025/7/7, 16, 4, 39, 3, 
2025/7/8, 5, 3, 34, 4, 
2025/7/9, 6, 5, 60, 3, 
2025/7/10, 10, 9, 78, 4, 
2025/7/11, 19, 8, 59, 2, 
2025/7/12, 21, 6, 35, 2, 
2025/7/13, 19, 9, 38, 3, 
2025/7/14, 21, 10, 53, 4, 
2025/7/15, 25, 10, 51, 4, 
2025/7/16, 30, 6, 45, 3, 
2025/7/17, 11, 8, 58, 3, 
2025/7/18, 19, 10, 50, 3, 
2025/7/19, 28, 10, 45, 2, 
2025/7/20, 33, 4, 37, 3, 
2025/7/21, 9, 6, 43, 3, 
2025/7/22, 9, 9, 47, 4, 
2025/7/23, 20, 5, 39, 3, 
2025/7/24, 14, 4, 29, 4, 
2025/7/25, 9, 8, 33, 3, 
2025/7/26, 19, 4, 36, 2, 
2025/7/27, 8, 3, 32, 3, 
2025/7/28, 4, 3, 36, 2, 
2025/7/29, 6, 4, 41, 3, 
2025/7/30, 10, 6, 46, 3, 
2025/7/31, 15, 7, 49, 3, 
2025/8/1, 20, 4, 36, 2, 
2025/8/2, 10, 2, 35, 2, 
2025/8/3, 6, 4, 40, 3, 
2025/8/4, 9, 7, 57, 3, 
2025/8/5, 15, 11, 50, 4, 
2025/8/6, 25, 8, 40, 3, 
2025/8/7, 24, 12, 59, 3, 
2025/8/8, 34, 14, 59, 2, 
2025/8/9, 47, 20, 46, 2, 
2025/8/10, 57, 21, 51, 3, 
2025/8/11, 57, 23, 68, 3, 
2025/8/12, 62, 27, 65, 3, 
2025/8/13, 68, 29, 63, 3, 
2025/8/14, 68, 16, 60, 2, 
2025/8/15, 40, 14, 43, 2, 
2025/8/16, 38, 15, 56, 2, 
2025/8/17, 48, 14, 58, 3, 
2025/8/18, 42, 17, 51, 3, 
2025/8/19, 51, 14, 40, 3, 
2025/8/20, 44, 6, 37, 3, 
2025/8/21, 11, 7, 45, 4, 
2025/8/22, 14, 7, 44, 2, 
2025/8/23, 21, 7, 35, 1, 
2025/8/24, 19, 9, 41, 3, 
2025/8/25, 26, 11, 47, 3, 
2025/8/26, 33, 14, 28, 6, 
2025/8/27, 47, 9, 28, 5, 
2025/8/28, 26, 5, 25, 6, 
2025/8/29, 11, 3, 29, 2, 
2025/8/30, 5, 4, 33, 2, 
2025/8/31, 6, 7, 15, 8, 
2025/9/1, 14, 6, 28, 4, 
2025/9/2, 11, 7, 35, 4, 
2025/9/3, 12, 9, 37, 4, 
2025/9/4, 17, 4, 28, 3, 
2025/9/5, 7, 4, 33, 3, 
2025/9/6, 7, 6, 39, 3, 
2025/9/7, 13, 10, 34, 6, 
2025/9/8, 22, 12, 40, 5, 
2025/9/9, 30, 5, 34, 5, 
2025/9/10, 11, 8, 38, 4, 
2025/9/11, 18, 9, 26, 5, 
2025/9/12, 24, 7, 27, 2, 
2025/9/13, 18, 8, 28, 2, 
2025/9/14, 18, 11, 34, 3, 
2025/9/15, 23, 11, 31, 4, 
2025/9/16, 24, 8, 38, 4, 
2025/9/17, 16, 12, 41, 5, 
2025/9/18, 27, 14, 41, 5, 
2025/9/19, 36, 12, 39, 4, 
2025/9/20, 32, 12, 43, 2, 
2025/9/21, 31, 4, 22, 7, 
2025/9/22, 10, 8, 22, 7, 
2025/9/23, 18, 4, 31, 4, 
2025/9/24, 10, 6, 20, 5, 
2025/9/25, 10, 6, 12, 7, 
2025/9/26, 12, 4, 21, 5, 
2025/9/27, 10, 4, 26, 4, 
2025/9/28, 10, 6, 27, 6, 
2025/9/29, 13, 11, 30, 6, 
2025/9/30, 24, 10, 30, 5, 
2025/4/1, 9, 8, 34, 7, 
2025/4/2, 15, 12, 41, 8, 
2025/4/3, 31, 19, 49, 8, 
2025/4/4, 48, 20, 50, 7, 
2025/4/5, 54, 12, 45, 3, 
2025/4/6, 19, 17, 37, 4, 
2025/4/7, 29, 19, 34, 5, 
2025/4/8, 46, 28, 43, 8, 
2025/4/9, 66, 23, 44, 10, 
2025/4/10, 53, 21, 51, 9, 
2025/4/11, 45, 17, 42, 5, 
2025/4/12, 45, 12, 32, 5, 
2025/4/13, 39, 9, 26, 7, 
2025/4/14, 35, 4, 21, 8, 
2025/4/15, 11, 8, 27, 8, 
2025/4/16, 21, 6, 31, 8, 
2025/4/17, 14, 5, 33, 4, 
2025/4/18, 11, 6, 25, 5, 
2025/4/19, 15, 8, 28, 5, 
2025/4/20, 22, 6, 34, 4, 
2025/4/21, 15, 8, 43, 6, 
2025/4/22, 15, 10, 40, 7, 
2025/4/23, 22, 3, 36, 4, 
2025/4/24, 5, 3, 37, 4, 
2025/4/25, 4, 3, 42, 3, 
2025/4/26, 6, 6, 30, 3, 
2025/4/27, 14, 10, 37, 4, 
2025/4/28, 19, 12, 42, 6, 
2025/4/29, 29, 11, 51, 6, 
2025/4/30, 26, 12, 56, 3, 
2025/5/1, 33, 12, 56, 4, 
2025/5/2, 32, 12, 51, 3, 
2025/5/3, 30, 13, 37, 2, 
2025/5/4, 35, 5, 28, 6, 
2025/5/5, 9, 3, 26, 3, 
2025/5/6, 7, 5, 27, 5, 
2025/5/7, 10, 8, 29, 5, 
2025/5/8, 21, 4, 30, 5, 
2025/5/9, 8, 9, 39, 4, 
2025/5/10, 25, 7, 45, 3, 
2025/5/11, 23, 8, 39, 5, 
2025/5/12, 23, 6, 44, 3, 
2025/5/13, 16, 6, 45, 4, 
2025/5/14, 15, 8, 46, 4, 
2025/5/15, 18, 8, 48, 3, 
2025/5/16, 20, 6, 45, 3, 
2025/5/17, 12, 6, 47, 2, 
2025/5/18, 15, 9, 45, 3, 
2025/5/19, 23, 9, 34, 4, 
2025/5/20, 26, 11, 36, 3, 
2025/5/21, 28, 4, 30, 5, 
2025/5/22, 7, 5, 42, 3, 
2025/5/23, 11, 5, 44, 2, 
2025/5/24, 13, 7, 48, 2, 
2025/5/25, 19, 8, 49, 3, 
2025/5/26, 20, 6, 45, 4, 
2025/5/27, 15, 8, 53, 4, 
2025/5/28, 21, 3, 39, 1, 
2025/5/29, 3, 7, 65, 3, 
2025/5/30, 17, 13, 73, 3, 
2025/5/31, 35, 14, 67, 3, 
2025/6/1, 42, 11, 30, 5, 
2025/6/2, 36, 9, 33, 4, 
2025/6/3, 22, 14, 23, 5, 
2025/6/4, 39, 11, 26, 5, 
2025/6/5, 33, 13, 32, 4, 
2025/6/6, 42, 15, 34, 3, 
2025/6/7, 48, 19, 42, 2, 
2025/6/8, 59, 40, 64, 2, 
2025/6/9, 110, 28, 54, 3, 
2025/6/10, 74, 28, 84, 4, 
2025/6/11, 75, 33, 87, 5, 
2025/6/12, 81, 35, 84, 5, 
2025/6/13, 88, 31, 64, 3, 
2025/6/14, 77, 16, 42, 2, 
2025/6/15, 38, 10, 43, 2, 
2025/6/16, 21, 8, 51, 3, 
2025/6/17, 20, 13, 76, 4, 
2025/6/18, 35, 16, 85, 3, 
2025/6/19, 47, 21, 95, 4, 
2025/6/20, 56, 17, 59, 2, 
2025/6/21, 49, 6, 58, 1, 
2025/6/22, 17, 10, 57, 3, 
2025/6/23, 29, 17, 68, 3, 
2025/6/24, 47, 22, 69, 4, 
2025/6/25, 57, 19, 59, 4, 
2025/6/26, 47, 9, 49, 3, 
2025/6/27, 19, 7, 46, 2, 
2025/6/28, 17, 12, 79, 2, 
2025/6/29, 32, 16, 71, 3, 
2025/6/30, 40, 11, 66, 4, 
2025/1/1, 47, 14, 6, 16, 
2025/1/2, 57, 5, 28, 10, 
2025/1/3, 17, 11, 18, 11, 
2025/1/4, 38, 21, 14, 11, 
2025/1/5, 71, 15, 7, 11, 
2025/1/6, 56, 4, 11, 11, 
2025/1/7, 16, 6, 6, 16, 
2025/1/8, 20, 6, 4, 15, 
2025/1/9, 23, 4, 29, 8, 
2025/1/10, 14, 7, 26, 10, 
2025/1/11, 27, 5, 26, 8, 
2025/1/12, 18, 15, 15, 16, 
2025/1/13, 49, 25, 13, 15, 
2025/1/14, 68, 16, 14, 18, 
2025/1/15, 46, 13, 14, 17, 
2025/1/16, 37, 15, 12, 14, 
2025/1/17, 52, 9, 16, 14, 
2025/1/18, 31, 8, 15, 14, 
2025/1/19, 29, 9, 10, 15, 
2025/1/20, 35, 9, 12, 13, 
2025/1/21, 32, 10, 7, 12, 
2025/1/22, 37, 12, 15, 13, 
2025/1/23, 45, 9, 10, 13, 
2025/1/24, 28, 14, 4, 13, 
2025/1/25, 51, 6, 18, 10, 
2025/1/26, 25, 5, 17, 11, 
2025/1/27, 21, 3, 19, 11, 
2025/1/28, 11, 7, 18, 13, 
2025/1/29, 19, 12, 10, 13, 
2025/1/30, 39, 11, 10, 14, 
2025/1/31, 32, 8, 11, 10, 
2025/2/1, 36, 9, 17, 8, 
2025/2/2, 35, 8, 17, 12, 
2025/2/3, 20, 20, 8, 14, 
2025/2/4, 56, 16, 16, 13, 
2025/2/5, 50, 16, 20, 15, 
2025/2/6, 44, 22, 17, 14, 
2025/2/7, 69, 20, 12, 11, 
2025/2/8, 71, 11, 16, 9, 
2025/2/9, 45, 14, 16, 11, 
2025/2/10, 50, 20, 7, 14, 
2025/2/11, 66, 10, 9, 12, 
2025/2/12, 36, 17, 11, 13, 
2025/2/13, 57, 6, 29, 5, 
2025/2/14, 19, 8, 25, 9, 
2025/2/15, 30, 23, 22, 8, 
2025/2/16, 75, 29, 21, 9, 
2025/2/17, 87, 37, 17, 14, 
2025/2/18, 100, 29, 23, 8, 
2025/2/19, 84, 34, 21, 12, 
2025/2/20, 97, 32, 24, 13, 
2025/2/21, 88, 33, 11, 14, 
2025/2/22, 98, 34, 23, 11, 
2025/2/23, 103, 37, 22, 13, 
2025/2/24, 108, 46, 12, 14, 
2025/2/25, 133, 6, 33, 8, 
2025/2/26, 19, 8, 27, 13, 
2025/2/27, 21, 13, 28, 12, 
2025/2/28, 38, 6, 27, 6, 
2025/3/1, 25, 7, 31, 7, 
2025/3/2, 24, 10, 29, 10, 
2025/3/3, 35, 16, 32, 11, 
2025/3/4, 50, 21, 35, 13, 
2025/3/5, 60, 21, 35, 13, 
2025/3/6, 60, 21, 40, 13, 
2025/3/7, 60, 24, 42, 10, 
2025/3/8, 70, 27, 40, 10, 
2025/3/9, 77, 16, 27, 11, 
2025/3/10, 50, 8, 26, 8, 
2025/3/11, 30, 7, 21, 12, 
2025/3/12, 20, 9, 26, 9, 
2025/3/13, 34, 4, 25, 9, 
2025/3/14, 13, 5, 19, 8, 
2025/3/15, 18, 7, 30, 5, 
2025/3/16, 19, 7, 28, 8, 
2025/3/17, 20, 9, 27, 7, 
2025/3/18, 31, 12, 30, 7, 
2025/3/19, 41, 16, 31, 10, 
2025/3/20, 53, 30, 23, 14, 
2025/3/21, 81, 21, 17, 11, 
2025/3/22, 72, 4, 28, 7, 
2025/3/23, 15, 7, 27, 8, 
2025/3/24, 18, 9, 33, 8, 
2025/3/25, 25, 15, 37, 8, 
2025/3/26, 50, 8, 36, 8, 
2025/3/27, 20, 9, 40, 7, 
2025/3/28, 22, 9, 37, 4, 
2025/3/29, 24, 2, 42, 1, 
2025/3/30, 4, 4, 40, 2, 
2025/3/31, 7, 6, 37, 5, 
2024/10/1, 2, 6, 23, 6, 
2024/10/2, 2, 5, 15, 7, 
2024/10/3, 1, 7, 15, 6, 
2024/10/4, 2, 7, 24, 4, 
2024/10/5, 2, 8, 26, 3, 
2024/10/6, 2, 9, 11, 8, 
2024/10/7, 2, 4, 5, 12, 
2024/10/8, 2, 5, 26, 9, 
2024/10/9, 2, 3, 20, 8, 
2024/10/10, 1, 5, 19, 8, 
2024/10/11, 2, 6, 10, 7, 
2024/10/12, 2, 6, 17, 4, 
2024/10/13, 1, 8, 15, 8, 
2024/10/14, 2, 10, 11, 8, 
2024/10/15, 2, 8, 6, 9, 
2024/10/16, 2, 4, 3, 11, 
2024/10/17, 2, 7, 14, 8, 
2024/10/18, 2, 8, 9, 7, 
2024/10/19, 1, 9, 13, 5, 
2024/10/20, 1, 18, 14, 6, 
2024/10/21, 2, 23, 23, 7, 
2024/10/22, 3, 20, 14, 7, 
2024/10/23, 3, 10, 9, 7, 
2024/10/24, 2, 8, 13, 6, 
2024/10/25, 2, 6, 7, 8, 
2024/10/26, 2, 10, 11, 6, 
2024/10/27, 2, 13, 11, 7, 
2024/10/28, 2, 13, 11, 7, 
2024/10/29, 2, 16, 10, 8, 
2024/10/30, 2, 17, 12, 9, 
2024/10/31, 2, 14, 15, 6, 
2024/11/1, 2, 11, 16, 6, 
2024/11/2, 2, 11, 21, 5, 
2024/11/3, 2, 14, 13, 9, 
2024/11/4, 3, 11, 14, 11, 
2024/11/5, 3, 13, 13, 12, 
2024/11/6, 3, 12, 12, 12, 
2024/11/7, 3, 17, 16, 12, 
2024/11/8, 4, 15, 16, 10, 
2024/11/9, 3, 9, 7, 6, 
2024/11/10, 2, 13, 19, 13, 
2024/11/11, 3, 16, 20, 12, 
2024/11/12, 3, 13, 16, 12, 
2024/11/13, 3, 34, 15, 12, 
2024/11/14, 5, 26, 14, 13, 
2024/11/15, 4, 17, 15, 10, 
2024/11/16, 3, 8, 23, 7, 
2024/11/17, 2, 17, 9, 14, 
2024/11/18, 4, 23, 6, 14, 
2024/11/19, 5, 12, 28, 9, 
2024/11/20, 4, 5, 24, 13, 
2024/11/21, 2, 4, 27, 9, 
2024/11/22, 1, 6, 19, 11, 
2024/11/23, 1, 8, 21, 10, 
2024/11/24, 2, 12, 8, 16, 
2024/11/25, 3, 10, 11, 13, 
2024/11/26, 3, 12, 8, 9, 
2024/11/27, 3, 11, 5, 12, 
2024/11/28, 3, 14, 8, 12, 
2024/11/29, 3, 15, 13, 11, 
2024/11/30, 3, 9, 15, 10, 
2024/12/1, 3, 13, 9, 16, 
2024/12/2, 3, 19, 10, 17, 
2024/12/3, 4, 15, 15, 16, 
2024/12/4, 3, 11, 15, 13, 
2024/12/5, 3, 16, 28, 11, 
2024/12/6, 2, 9, 20, 15, 
2024/12/7, 2, 16, 13, 12, 
2024/12/8, 3, 24, 12, 14, 
2024/12/9, 4, 21, 5, 13, 
2024/12/10, 4, 12, 10, 13, 
2024/12/11, 3, 15, 8, 14, 
2024/12/12, 4, 22, 6, 15, 
2024/12/13, 5, 24, 8, 14, 
2024/12/14, 4, 6, 28, 10, 
2024/12/15, 1, 12, 11, 19, 
2024/12/16, 20, 14, 3, 17, 
2024/12/17, 40, 14, 8, 16, 
2024/12/18, 44, 9, 6, 16, 
2024/12/19, 36, 2, 32, 2, 
2024/12/20, 2, 4, 25, 10, 
2024/12/21, 13, 6, 14, 12, 
2024/12/22, 25, 2, 31, 4, 
2024/12/23, 4, 3, 31, 5, 
2024/12/24, 7, 5, 16, 11, 
2024/12/25, 17, 7, 15, 12, 
2024/12/26, 23, 8, 11, 15, 
2024/12/27, 25, 7, 11, 16, 
2024/12/28, 24, 6, 12, 14, 
2024/12/29, 22, , , , 
2024/7/1, 1, 4, 33, 3, 
2024/7/2, 1, 5, 36, 3, 
2024/7/3, 1, 7, 51, 4, 
2024/7/4, 1, 10, 34, 4, 
2024/7/5, 2, 11, 34, 4, 
2024/7/6, 2, 3, 29, 3, 
2024/7/7, 1, 8, 35, 3, 
2024/7/8, 1, 12, 44, 4, 
2024/7/9, 2, 16, 60, 4, 
2024/7/10, 2, 17, 59, 4, 
2024/7/11, 2, 8, 38, 4, 
2024/7/12, 1, 8, 40, 2, 
2024/7/13, 1, 10, 48, 2, 
2024/7/14, 1, 10, 65, 4, 
2024/7/15, 2, 12, 65, 3, 
2024/7/16, 2, 14, 51, 5, 
2024/7/17, 3, 17, 65, 4, 
2024/7/18, 3, 17, 59, 5, 
2024/7/19, 3, 10, 57, 2, 
2024/7/20, 1, 10, 54, 2, 
2024/7/21, 1, 10, 44, 3, 
2024/7/22, 1, 10, 64, 4, 
2024/7/23, 2, 10, 45, 3, 
2024/7/24, 1, 9, 58, 4, 
2024/7/25, 2, 11, 56, 4, 
2024/7/26, 2, 12, 60, 3, 
2024/7/27, 2, 14, 56, 2, 
2024/7/28, 2, 15, 80, 4, 
2024/7/29, 2, 15, 76, 3, 
2024/7/30, 3, 16, 67, 4, 
2024/7/31, 2, 10, 54, 2, 
2024/8/1, 2, 8, 40, 3, 
2024/8/2, 1, 8, 48, 2, 
2024/8/3, 2, 10, 56, 1, 
2024/8/4, 1, 11, 66, 3, 
2024/8/5, 2, 13, 70, 3, 
2024/8/6, 3, 11, 36, 4, 
2024/8/7, 1, 8, 64, 3, 
2024/8/8, 2, 10, 71, 3, 
2024/8/9, 2, 12, 77, 3, 
2024/8/10, 2, 15, 72, 2, 
2024/8/11, 3, 14, 63, 3, 
2024/8/12, 2, 13, 63, 3, 
2024/8/13, 2, 10, 46, 3, 
2024/8/14, 1, 10, 42, 2, 
2024/8/15, 1, 12, 51, 3, 
2024/8/16, 1, 14, 49, 2, 
2024/8/17, 2, 6, 35, 2, 
2024/8/18, 1, 4, 38, 3, 
2024/8/19, 1, 6, 50, 4, 
2024/8/20, 1, 11, 44, 4, 
2024/8/21, 2, 15, 30, 6, 
2024/8/22, 2, 16, 51, 4, 
2024/8/23, 2, 16, 56, 3, 
2024/8/24, 3, 14, 46, 3, 
2024/8/25, 3, 9, 32, 6, 
2024/8/26, 2, 11, 44, 6, 
2024/8/27, 2, 14, 51, 5, 
2024/8/28, 2, 15, 51, 6, 
2024/8/29, 3, 16, 62, 6, 
2024/8/30, 3, 15, 59, 4, 
2024/8/31, 3, 15, 45, 3, 
2024/9/1, 3, 12, 41, 5, 
2024/9/2, 2, 12, 39, 5, 
2024/9/3, 2, 9, 39, 4, 
2024/9/4, 1, 7, 28, 6, 
2024/9/5, 1, 4, 35, 5, 
2024/9/6, 1, 7, 36, 3, 
2024/9/7, 1, 6, 23, 4, 
2024/9/8, 1, 3, 31, 4, 
2024/9/9, 1, 4, 34, 5, 
2024/9/10, 1, 7, 38, 5, 
2024/9/11, 2, 5, 31, 2, 
2024/9/12, 1, 3, 33, 1, 
2024/9/13, 1, 4, 33, 1, 
2024/9/14, 1, 3, 42, , 
2024/9/15, 1, 4, 33, 5, 
2024/9/16, 1, 6, 27, 6, 
2024/9/17, 1, 6, 23, 6, 
2024/9/18, 1, 6, 33, 5, 
2024/9/19, 1, 12, 18, 8, 
2024/9/20, 2, 13, 33, 4, 
2024/9/21, 2, 12, 27, 4, 
2024/9/22, 2, 11, 15, 10, 
2024/9/23, 3, 6, 28, 5, 
2024/9/24, 1, 6, 24, 7, 
2024/9/25, 1, 6, 12, 13, 
2024/9/26, 2, 7, 26, 7, 
2024/9/27, 1, 2, 27, 3, 
2024/9/28, 1, 2, 26, 2, 
2024/9/29, 1, 4, 26, 5, 
2024/9/30, 1, 8, 22, 6, 
2024/4/1, 1, 4, 35, 8, 
2024/4/2, 1, 6, 27, 10, 
2024/4/3, 2, 7, 34, 7, 
2024/4/4, 1, 14, 34, 8, 
2024/4/5, 2, 11, 42, 7, 
2024/4/6, 2, 11, 31, 9, 
2024/4/7, 2, 17, 46, 9, 
2024/4/8, 2, 19, 35, 8, 
2024/4/9, 2, 3, 35, 6, 
2024/4/10, 2, 9, 34, 10, 
2024/4/11, 2, 16, 44, 9, 
2024/4/12, 2, 16, 59, 6, 
2024/4/13, 2, 16, 23, 5, 
2024/4/14, 2, 21, 44, 7, 
2024/4/15, 2, 11, 43, 4, 
2024/4/16, 1, 4, 36, 6, 
2024/4/17, 1, 3, 39, 3, 
2024/4/18, 1, 3, 41, 4, 
2024/4/19, 1, 3, 36, 1, 
2024/4/21, 1, 3, 34, 3, 
2024/4/22, 1, 4, 30, 4, 
2024/4/23, 1, 4, 41, 3, 
2024/4/24, 1, 6, 39, 5, 
2024/4/25, 1, 9, 31, 8, 
2024/4/26, 2, 8, 26, 6, 
2024/4/27, 1, 5, 28, 6, 
2024/4/28, 1, 20, 39, 7, 
2024/4/29, 2, 18, 49, 8, 
2024/4/30, 2, 11, 33, 5, 
2024/5/1, 2, 4, 30, 6, 
2024/5/2, 1, 5, 31, 4, 
2024/5/3, 1, 5, 28, 5, 
2024/5/4, 1, 5, 37, 3, 
2024/5/5, 1, 7, 29, 7, 
2024/5/6, 1, 5, 24, 7, 
2024/5/7, 1, 6, 31, 5, 
2024/5/8, 1, 5, 41, 3, 
2024/5/9, 1, 8, 48, 4, 
2024/5/10, 2, 12, 56, 4, 
2024/5/11, 2, 13, 56, 3, 
2024/5/12, 2, 7, 37, 4, 
2024/5/13, 1, 13, 29, 6, 
2024/5/14, 2, 3, 31, 7, 
2024/5/15, 1, 3, 24, 7, 
2024/5/16, 1, 4, 37, 4, 
2024/5/17, 1, 6, 33, 3, 
2024/5/18, 1, 7, 40, 2, 
2024/5/19, 1, 9, 38, 3, 
2024/5/20, 1, 5, 36, 4, 
2024/5/21, 1, 6, 30, 4, 
2024/5/22, 1, 4, 37, 4, 
2024/5/23, 1, 6, 35, 5, 
2024/5/24, 1, 4, 35, 2, 
2024/5/25, 1, 4, 39, 2, 
2024/5/26, 1, 7, 26, 5, 
2024/5/27, 1, 8, 46, 4, 
2024/5/28, 1, 11, 47, 5, 
2024/5/29, 1, 8, 32, 3, 
2024/5/30, 1, 4, 27, 5, 
2024/5/31, 1, 3, 40, 3, 
2024/6/1, 1, 4, 35, 2, 
2024/6/2, 1, 5, 40, 3, 
2024/6/3, 1, 8, 42, 4, 
2024/6/4, 1, 11, 49, 4, 
2024/6/5, 1, 13, 49, 4, 
2024/6/6, 2, 14, 53, 5, 
2024/6/7, 2, 16, 41, 3, 
2024/6/8, 2, 17, 33, 2, 
2024/6/9, 1, 12, 42, 2, 
2024/6/10, 1, 7, 37, 3, 
2024/6/11, 1, 4, 27, 3, 
2024/6/12, 1, 5, 44, 3, 
2024/6/13, 1, 10, 36, 5, 
2024/6/14, 1, 10, 24, 4, 
2024/6/15, 1, 9, 41, 2, 
2024/6/16, 1, 11, 50, 3, 
2024/6/17, 1, 15, 55, 4, 
2024/6/18, 2, 20, 56, 4, 
2024/6/19, 2, 25, 27, 5, 
2024/6/20, 2, 23, 23, 5, 
2024/6/21, 1, 7, 42, 2, 
2024/6/22, 1, 2, 30, 2, 
2024/6/23, 1, 7, 29, 3, 
2024/6/24, 1, 8, 35, 4, 
2024/6/25, 1, 8, 39, 4, 
2024/6/26, 1, 8, 52, 3, 
2024/6/27, 1, 12, 62, 4, 
2024/6/28, 2, 15, 60, 4, 
2024/6/29, 2, 19, 45, 1, 
2024/6/30, 1, 13, 27, 3, 
2024/1/1, 2, 7, 14, 13, 
2024/1/2, 2, 10, 12, 14, 
2024/1/3, 3, 8, 13, 14, 
2024/1/4, 2, 6, 15, 13, 
2024/1/5, 2, 4, 28, 7, 
2024/1/6, 1, 1, 27, 2, 
2024/1/7, 1, 6, 13, 12, 
2024/1/8, 2, 16, 15, 10, 
2024/1/9, 3, 23, 11, 12, 
2024/1/10, 4, 18, 9, 15, 
2024/1/11, 4, 11, 10, 15, 
2024/1/12, 3, 17, 12, 14, 
2024/1/13, 4, 13, 12, 15, 
2024/1/14, 3, 19, 22, 17, 
2024/1/15, 5, 19, 15, 17, 
2024/1/16, 4, 23, 12, 16, 
2024/1/17, 5, 12, 11, 13, 
2024/1/18, 3, 7, 30, 7, 
2024/1/19, 2, 8, 19, 12, 
2024/1/20, 2, 8, 18, 13, 
2024/1/21, 2, 18, 9, 23, 
2024/1/22, 4, 16, 17, 21, 
2024/1/23, 4, 26, 6, 25, 
2024/1/24, 6, 30, 4, 24, 
2024/1/25, 7, 38, 9, 21, 
2024/1/26, 7, 14, 17, 20, 
2024/1/27, 3, 16, 21, 14, 
2024/1/28, 3, 16, 14, 17, 
2024/1/29, 3, 20, 12, 19, 
2024/1/30, 4, 22, 10, 19, 
2024/1/31, 4, 22, 6, 21, 
2024/2/1, 5, 19, 9, 25, 
2024/2/2, 5, 16, 10, 21, 
2024/2/3, 4, 11, 14, 18, 
2024/2/4, 3, 18, 14, 18, 
2024/2/5, 4, 20, 14, 14, 
2024/2/6, 4, 24, 17, 15, 
2024/2/7, 4, 19, 18, 13, 
2024/2/8, 3, 9, 17, 13, 
2024/2/9, 3, 3, 20, 9, 
2024/2/10, 1, 4, 20, 8, 
2024/2/11, 1, 8, 15, 12, 
2024/2/12, 2, 9, 21, 14, 
2024/2/13, 2, 10, 18, 15, 
2024/2/14, 3, 12, 9, 17, 
2024/2/15, 3, 19, 9, 18, 
2024/2/16, 5, 21, 17, 15, 
2024/2/17, 5, 30, 28, 13, 
2024/2/18, 5, 32, 28, 11, 
2024/2/19, 6, 5, 33, 10, 
2024/2/20, 1, 18, 27, 13, 
2024/2/21, 3, 37, 11, 18, 
2024/2/22, 6, 4, 22, 10, 
2024/2/23, 1, 4, 20, 9, 
2024/2/24, 1, 7, 24, 7, 
2024/2/25, 2, 7, 20, 12, 
2024/2/26, 2, 7, 15, 17, 
2024/2/27, 2, 9, 15, 15, 
2024/2/28, 2, 14, 9, 14, 
2024/2/29, 3, 6, 19, 11, 
2024/3/1, 1, 4, 20, 8, 
2024/3/2, 1, 6, 25, 8, 
2024/3/3, 1, 6, 28, 8, 
2024/3/4, 1, 9, 32, 10, 
2024/3/5, 2, 3, 28, 7, 
2024/3/6, 1, 9, 25, 11, 
2024/3/7, 2, 20, 21, 12, 
2024/3/8, 3, 6, 21, 9, 
2024/3/9, 2, 8, 26, 8, 
2024/3/10, 1, 4, 30, 9, 
2024/3/11, 1, 4, 34, 9, 
2024/3/12, 1, 8, 31, 11, 
2024/3/13, 2, 18, 35, 11, 
2024/3/14, 3, 17, 33, 10, 
2024/3/15, 3, 10, 34, 8, 
2024/3/16, 2, 5, 30, 8, 
2024/3/17, 1, 10, 29, 9, 
2024/3/18, 2, 14, 33, 10, 
2024/3/19, 2, 30, 30, 8, 
2024/3/20, 3, 17, 37, 8, 
2024/3/21, 2, 22, 42, 11, 
2024/3/22, 3, 22, 41, 7, 
2024/3/23, 3, 2, 37, 4, 
2024/3/24, 1, 5, 36, 8, 
2024/3/25, 1, 10, 28, 10, 
2024/3/26, 2, 3, 27, 10, 
2024/3/27, 1, 5, 21, 13, 
2024/3/28, 1, 5, 12, 14, 
2024/3/29, 2, 43, 31, 10, 
2024/3/30, 3, 12, 31, 7, 
2024/3/31, 1, 6, 38, 5, 
2023/10/1, 4, 25, 41, 7, 
2023/10/2, 4, 24, 42, 8, 
2023/10/3, 4, 26, 36, 7, 
2023/10/4, 4, 25, 35, 7, 
2023/10/5, 3, 20, 29, 7, 
2023/10/6, 3, 16, 29, 5, 
2023/10/7, 2, 27, 19, 4, 
2023/10/8, 1, 34, 17, 9, 
2023/10/9, 2, 33, 21, 9, 
2023/10/10, 2, 32, 36, 8, 
2023/10/11, 3, 28, 33, 9, 
2023/10/12, 3, 24, 28, 9, 
2023/10/13, 3, 18, 31, 5, 
2023/10/14, 3, 6, 30, 2, 
2023/10/15, 1, 9, 20, 8, 
2023/10/16, 1, 13, 22, 7, 
2023/10/17, 2, 18, 11, 10, 
2023/10/18, 3, 9, 9, 10, 
2023/10/19, 2, 6, 29, 7, 
2023/10/20, 1, 6, 21, 6, 
2023/10/21, 1, 5, 23, 5, 
2023/10/22, 1, 10, 8, 11, 
2023/10/23, 2, 5, 11, 11, 
2023/10/24, 2, 9, 9, 10, 
2023/10/25, 2, 10, 13, 9, 
2023/10/26, 2, 5, 15, 9, 
2023/10/27, 2, 6, 18, 7, 
2023/10/28, 2, 8, 9, 7, 
2023/10/29, 3, 8, 7, 11, 
2023/10/30, 2, 4, 29, 7, 
2023/10/31, 2, 5, 11, 7, 
2023/11/1, 2, 6, 10, 11, 
2023/11/2, 2, 6, 16, 11, 
2023/11/3, 2, 4, 15, , 
2023/11/4, 1, 3, 18, , 
2023/11/5, 1, 6, 14, 12, 
2023/11/6, 2, 5, 16, 10, 
2023/11/7, 2, 6, 20, 11, 
2023/11/8, 2, 6, 18, 13, 
2023/11/9, 2, 5, 17, 9, 
2023/11/10, 2, 4, 17, 9, 
2023/11/11, 1, 5, 24, 7, 
2023/11/12, 1, 9, 14, 12, 
2023/11/13, 2, 11, 15, 12, 
2023/11/14, 3, 9, 21, 13, 
2023/11/15, 2, 9, 15, 15, 
2023/11/16, 3, 4, 28, 6, 
2023/11/17, 1, 4, 25, 9, 
2023/11/18, 1, 4, 27, 8, 
2023/11/19, 1, 12, 10, 16, 
2023/11/20, 3, 20, 17, 15, 
2023/11/21, 4, 8, 28, 7, 
2023/11/22, 2, 10, 15, 16, 
2023/11/23, 3, 10, 32, 13, 
2023/11/24, 3, 3, 29, 5, 
2023/11/25, 1, 3, 28, 10, 
2023/11/26, 1, 12, 16, 16, 
2023/11/27, 3, 13, 25, 14, 
2023/11/28, 3, 9, 19, 14, 
2023/11/29, 2, 16, 13, 15, 
2023/11/30, 3, 13, 3, 17, 
2023/12/1, 4, 2, 24, 7, 
2023/12/2, 2, 4, 22, 8, 
2023/12/3, 2, 11, 7, 17, 
2023/12/4, 3, 18, 6, 14, 
2023/12/5, 4, 15, 9, 17, 
2023/12/6, 4, 12, 12, 18, 
2023/12/7, 3, 7, 19, 10, 
2023/12/8, 2, 11, 14, 8, 
2023/12/9, 2, 7, 13, 11, 
2023/12/10, 2, 8, 14, 15, 
2023/12/11, 3, 15, 4, 15, 
2023/12/12, 5, 23, 2, 15, 
2023/12/13, 6, 9, 17, 13, 
2023/12/14, 2, 4, 32, 10, 
2023/12/15, 2, 7, 13, 13, 
2023/12/16, 2, 11, 11, 12, 
2023/12/17, 3, 12, 6, 18, 
2023/12/18, 3, 12, 6, 20, 
2023/12/19, 4, 9, 27, 14, 
2023/12/20, 3, 11, 23, 18, 
2023/12/21, 4, 6, 29, 15, 
2023/12/22, 2, 5, 22, 20, 
2023/12/23, 2, 6, 22, 15, 
2023/12/24, 3, 12, 18, 12, 
2023/12/25, 3, , , , 
2023/12/27, 3, 13, 8, 13, 
2023/12/28, 3, 17, 3, 17, 
2023/12/29, 4, 16, 12, 14, 
2023/12/30, 5, 28, 5, 16, 
2023/12/31, 7, 7, 12, 10, 
2023/7/1, 1, 7, 47, 2, 
2023/7/2, 1, 10, 45, 3, 
2023/7/3, 1, 7, 49, 3, 
2023/7/4, 1, 7, 50, 4, 
2023/7/5, 1, 7, 40, 3, 
2023/7/6, 1, 8, 47, 3, 
2023/7/7, 1, 10, 47, 3, 
2023/7/8, 2, 11, 47, 2, 
2023/7/9, 1, 17, 67, 4, 
2023/7/10, 2, 26, 81, 5, 
2023/7/11, 3, 12, 37, 4, 
2023/7/12, 1, 7, 38, 4, 
2023/7/13, 1, 9, 21, 6, 
2023/7/14, 2, 15, 49, 3, 
2023/7/15, 2, 18, 59, 2, 
2023/7/16, 2, 20, 61, 4, 
2023/7/17, 2, 22, 66, 5, 
2023/7/18, 3, 22, 58, 5, 
2023/7/19, 3, 12, 47, 4, 
2023/7/20, 1, 11, 41, 5, 
2023/7/21, 2, 7, 52, 2, 
2023/7/22, 1, 12, 49, 2, 
2023/7/23, 2, 14, 25, 7, 
2023/7/24, 2, 7, 47, 3, 
2023/7/25, 1, 3, 35, 2, 
2023/7/26, 1, 5, 47, 4, 
2023/7/27, 1, 9, 64, 4, 
2023/7/28, 2, 11, 47, 3, 
2023/7/29, 2, 8, 44, 2, 
2023/7/30, 1, 8, 57, 3, 
2023/7/31, 1, 11, 45, 2, 
2023/8/1, 1, 10, 42, 4, 
2023/8/2, 1, 12, 44, 3, 
2023/8/3, 1, 5, 30, 3, 
2023/8/4, 1, 3, 32, 2, 
2023/8/5, 1, 2, 33, 1, 
2023/8/6, 1, 2, 34, 1, 
2023/8/7, 1, 4, 43, 3, 
2023/8/8, 1, 8, 61, 4, 
2023/8/9, 1, 9, 63, 4, 
2023/8/10, 2, 12, 52, 4, 
2023/8/11, 2, 14, 58, 3, 
2023/8/12, 2, 13, 53, 2, 
2023/8/13, 2, 10, 47, 3, 
2023/8/14, 1, 11, 47, 2, 
2023/8/15, 2, 14, 55, 3, 
2023/8/16, 2, 9, 38, 3, 
2023/8/17, 1, 12, 44, 4, 
2023/8/18, 1, 18, 56, 3, 
2023/8/19, 2, 21, 58, 2, 
2023/8/20, 3, 21, 58, 4, 
2023/8/21, 3, 21, 60, 5, 
2023/8/22, 3, 23, 60, 5, 
2023/8/23, 3, 27, 61, 6, 
2023/8/24, 3, 25, 75, 5, 
2023/8/25, 3, 11, 36, 3, 
2023/8/26, 1, 8, 30, 2, 
2023/8/27, 1, 2, 31, 3, 
2023/8/28, 1, 2, 32, 2, 
2023/8/29, 1, 3, 37, 6, 
2023/8/30, 1, 5, 41, 5, 
2023/8/31, 1, 9, 46, 5, 
2023/9/1, 2, 8, 45, 3, 
2023/9/2, 2, 8, 38, 3, 
2023/9/3, 1, 13, 56, 5, 
2023/9/4, 2, 14, 32, 5, 
2023/9/5, 2, 12, 46, 5, 
2023/9/6, 2, 15, 69, 6, 
2023/9/7, 2, 16, 55, 7, 
2023/9/8, 3, 16, 69, 4, 
2023/9/9, 3, 17, 62, 3, 
2023/9/10, 3, 19, 57, 6, 
2023/9/11, 3, 20, 52, 6, 
2023/9/12, 3, 12, 31, 6, 
2023/9/13, 2, 7, 35, 4, 
2023/9/14, 1, 6, 29, 6, 
2023/9/15, 1, 8, 21, 5, 
2023/9/16, 2, 9, 30, 3, 
2023/9/17, 1, 12, 17, 8, 
2023/9/18, 2, 8, 28, 5, 
2023/9/19, 1, 11, 28, 5, 
2023/9/20, 2, 6, 24, 6, 
2023/9/21, 1, 5, 35, 4, 
2023/9/22, 1, 2, 30, 2, 
2023/9/23, 1, 3, 30, 3, 
2023/9/24, 1, 5, 28, 5, 
2023/9/25, 1, 8, 34, 7, 
2023/9/26, 2, 15, 36, 7, 
2023/9/27, 2, 19, 38, 7, 
2023/9/28, 3, 20, 46, 8, 
2023/9/29, 3, 18, 42, 5, 
2023/9/30, 3, 21, 48, 4, 
2023/4/1, 1, 2, 36, 6, 
2023/4/2, 1, 4, 35, 8, 
2023/4/3, 1, 16, 33, 7, 
2023/4/4, 1, 19, 37, 9, 
2023/4/5, 2, 23, 38, 11, 
2023/4/6, 2, 18, 39, 12, 
2023/4/7, 2, 14, 42, 9, 
2023/4/8, 2, 18, 46, 6, 
2023/4/9, 2, 9, 42, 5, 
2023/4/10, 2, 17, 49, 11, 
2023/4/11, 2, 21, 26, 13, 
2023/4/12, 3, 7, 33, 8, 
2023/4/13, 1, 2, 37, 8, 
2023/4/14, 1, 4, 37, 8, 
2023/4/15, 1, 2, 25, 10, 
2023/4/16, 1, 5, 40, , 
2023/4/17, 1, 7, 37, , 
2023/4/18, 1, 13, 42, 10, 
2023/4/19, 2, 4, 31, 8, 
2023/4/20, 1, 3, 25, 10, 
2023/4/21, 1, 8, 33, 7, 
2023/4/22, 1, 12, 41, 6, 
2023/4/23, 2, 3, 36, 6, 
2023/4/24, 1, 6, 39, 7, 
2023/4/25, 1, 5, 45, 9, 
2023/4/26, 1, 11, 50, 8, 
2023/4/27, 2, 13, 50, 8, 
2023/4/28, 2, 13, 43, 7, 
2023/4/29, 2, 16, 31, 7, 
2023/4/30, 2, 4, 26, 5, 
2023/5/1, 1, 5, 35, 6, 
2023/5/2, 1, 8, 45, 5, 
2023/5/3, 1, 9, 48, 6, 
2023/5/4, 1, 13, 58, 6, 
2023/5/5, 2, 15, 62, 6, 
2023/5/6, 2, 7, 44, 2, 
2023/5/7, 1, 9, 43, 5, 
2023/5/8, 2, 13, 29, 6, 
2023/5/9, 2, 6, 30, 5, 
2023/5/10, 1, 12, 25, 5, 
2023/5/11, 1, 3, 26, 4, 
2023/5/12, 1, 4, 38, 2, 
2023/5/13, 1, 4, 38, 2, 
2023/5/14, 1, 7, 40, 5, 
2023/5/15, 1, 5, 40, 4, 
2023/5/16, 1, 6, 31, 6, 
2023/5/17, 1, 4, 38, 4, 
2023/5/18, 1, 5, 24, 5, 
2023/5/19, 1, 4, 21, 5, 
2023/5/20, 1, 8, 20, 4, 
2023/5/21, 1, 13, 40, 6, 
2023/5/22, 2, 15, 44, 6, 
2023/5/23, 2, 10, 33, 7, 
2023/5/24, 1, 7, 39, 4, 
2023/5/25, 1, 12, 50, 5, 
2023/5/26, 1, 14, 54, 3, 
2023/5/27, 2, 10, 47, 2, 
2023/5/28, 1, 9, 47, 2, 
2023/5/29, 1, 13, 59, 4, 
2023/5/30, 2, 10, 36, 5, 
2023/5/31, 1, 13, 55, 4, 
2023/6/1, 2, 9, 49, 3, 
2023/6/2, 1, 7, 55, 2, 
2023/6/3, 1, 7, 29, 2, 
2023/6/4, 1, 6, 41, 3, 
2023/6/5, 1, 9, 53, 3, 
2023/6/6, 1, 8, 59, 3, 
2023/6/7, 1, 7, 60, 2, 
2023/6/8, 1, 11, 52, 3, 
2023/6/9, 1, 10, 39, 3, 
2023/6/10, 2, 10, 50, 2, 
2023/6/11, 1, 7, 55, 3, 
2023/6/12, 1, 7, 37, 4, 
2023/6/13, 1, 9, 57, 4, 
2023/6/14, 2, 12, 59, 3, 
2023/6/15, 2, 13, 52, 5, 
2023/6/16, 2, 13, 61, 3, 
2023/6/17, 1, 15, 67, 3, 
2023/6/18, 2, 18, 69, 4, 
2023/6/19, 2, 14, 49, 4, 
2023/6/20, 2, 17, 47, 4, 
2023/6/21, 2, 26, 53, 5, 
2023/6/22, 2, 10, 47, 3, 
2023/6/23, 1, 7, 54, 1, 
2023/6/24, 1, 8, 54, 2, 
2023/6/25, 1, 12, 67, 4, 
2023/6/26, 2, 15, 48, 4, 
2023/6/27, 2, 17, 62, 4, 
2023/6/28, 2, 10, 44, 2, 
2023/6/29, 1, 9, 34, 4, 
2023/6/30, 1, 7, 42, 2, 
2023/1/2, 6, 18, 1, 13, 
2023/1/3, 7, 9, 5, 9, 
2023/1/4, 2, 9, 5, 12, 
2023/1/5, 3, 17, 6, 11, 
2023/1/6, 4, 18, 7, 9, 
2023/1/7, 4, 20, 12, 11, 
2023/1/8, 4, 4, 27, 10, 
2023/1/9, 1, 5, 23, 14, 
2023/1/10, 2, 11, 10, 20, 1
2023/1/11, 3, 14, 7, 17, 1
2023/1/12, 4, 11, 9, 18, 1
2023/1/13, 3, 8, 17, 16, 
2023/1/14, 3, 15, 5, 15, 
2023/1/15, 4, 16, 5, 17, 
2023/1/16, 4, 14, 6, 18, 
2023/1/17, 4, 14, 14, 15, 
2023/1/18, 3, 7, 25, 9, 
2023/1/19, 2, 9, 28, 10, 
2023/1/20, 2, 3, 28, 3, 
2023/1/21, 1, 7, 22, 10, 
2023/1/22, 2, 17, 9, 19, 1
2023/1/23, 4, 14, 17, 16, 
2023/1/24, 3, 17, 16, 14, 
2023/1/25, 3, 23, 5, 12, 
2023/1/26, 4, , , , 
2023/1/30, 4, 29, 25, 17, 
2023/1/31, 5, 13, 28, 16, 
2023/2/1, 3, 3, 31, 6, 
2023/2/2, 1, 14, 14, 22, 
2023/2/3, 3, 4, 34, 2, 
2023/2/4, 1, 15, 28, 6, 
2023/2/5, 2, 14, 23, 8, 
2023/2/6, 2, 16, 24, 10, 
2023/2/7, 3, 26, 22, 13, 
2023/2/8, 3, 19, 24, 10, 
2023/2/9, 3, 21, 23, 15, 
2023/2/10, 3, 19, 22, 15, 
2023/2/11, 3, 18, 24, 13, 
2023/2/12, 3, 31, 23, 17, 
2023/2/13, 4, 26, 18, 19, 
2023/2/14, 4, 18, 15, 20, 
2023/2/15, 4, 29, 27, 18, 
2023/2/16, 5, 38, 28, 15, 
2023/2/17, 5, 36, 28, 13, 
2023/2/18, 4, 27, 23, 11, 
2023/2/19, 4, 35, 21, 13, 
2023/2/20, 5, 33, 24, 13, 
2023/2/21, 5, 34, 23, 13, 
2023/2/22, 5, 42, 22, 15, 
2023/2/23, 5, 44, 8, 16, 
2023/2/24, 6, 27, 23, 9, 
2023/2/25, 3, 6, 32, 6, 
2023/2/26, 1, 7, 24, 7, 
2023/2/27, 1, 15, 20, 9, 
2023/2/28, 2, 20, 21, 11, 
2023/3/1, 3, 25, 21, 11, 
2023/3/2, 3, 19, 25, 13, 
2023/3/3, 3, 20, 30, 12, 
2023/3/4, 3, 17, 37, 12, 
2023/3/5, 2, 21, 34, 12, 
2023/3/6, 3, 24, 25, 16, 
2023/3/7, 3, 19, 31, 14, 
2023/3/8, 3, 17, 31, 14, 
2023/3/9, 3, 11, 32, 13, 
2023/3/10, 2, 2, 32, 5, 
2023/3/11, 1, 10, 36, 8, 
2023/3/12, 1, 18, 29, 11, 
2023/3/13, 2, 5, 32, 9, 
2023/3/14, 1, 2, 33, 7, 
2023/3/15, 1, 8, 35, 10, 
2023/3/16, 1, 17, 36, 12, 
2023/3/17, 2, 26, 41, 13, 
2023/3/18, 3, 24, 39, 14, 
2023/3/19, 3, 34, 39, 12, 
2023/3/20, 3, 37, 43, 15, 
2023/3/21, 4, 30, 46, 14, 
2023/3/22, 3, 22, 43, 11, 
2023/3/23, 3, 14, 24, 13, 
2023/3/24, 2, 9, 35, 9, 
2023/3/25, 2, 4, 29, 10, 
2023/3/26, 1, 4, 36, 7, 
2023/3/27, 1, 6, 40, 8, 
2023/3/28, 1, 17, 42, 13, 
2023/3/29, 2, 14, 26, 14, 
2023/3/30, 2, 11, 22, 15, 
2023/3/31, 2, 3, 32, 9, 
2022/12/16, 5, 13, 5, 16, 
2022/12/17, 3, 11, 10, 14, 
2022/12/18, 3, 12, 12, 11, 
2022/12/19, 4, 17, 5, 15, 1
2022/12/20, 4, 18, 4, 17, 1
2022/12/21, 6, 25, 7, 18, 1
2022/12/22, 5, 19, 4, 16, 
2022/12/23, 4, 14, 7, 15, 
2022/12/24, 5, 22, 5, 13, 
2022/12/25, 5, 23, 10, 11, 
2022/12/26, 5, 20, 5, 12, 
2022/12/27, 3, 10, 8, 13, 
2022/12/28, 4, 15, 6, 15, 
2022/12/29, 5, 20, 8, 14, 
2022/12/30, 6, 28, 4, 17, 
2022/12/31, 4, 15, 4, 12, 
2023/1/1, 4, 20, 4, 12, 
2021/10/1, 2, 13, 25, 6, 
2021/10/2, 2, 15, 28, 4, 
2021/10/3, 2, 10, 19, 13, 
2021/10/4, 2, 6, 21, 12, 
2021/10/5, 2, 6, 29, 5, 
2021/10/6, 1, 4, 29, 5, 
2021/10/7, 1, 7, 20, 10, 
2021/10/8, 2, 15, 24, 6, 
2021/10/9, 2, 22, 30, 5, 
2021/10/10, 3, 14, 23, 11, 
2021/10/11, 2, 23, 27, 11, 
2021/10/12, 4, 10, 25, 10, 
2021/10/13, 2, 9, 25, 10, 
2021/10/14, 2, 18, 24, 11, 
2021/10/15, 3, 17, 28, 8, 
2021/10/16, 3, 12, 28, 8, 
2021/10/17, 2, 16, 26, 11, 
2021/10/18, 3, 23, 18, 12, 
2021/10/19, 4, 21, 15, 12, 
2021/10/20, 4, 14, 22, 10, 
2021/10/21, 3, 10, 19, 9, 
2021/10/22, 2, 14, 22, 9, 
2021/10/23, 2, 14, 22, 7, 
2021/10/24, 2, 19, 12, 12, 
2021/10/25, 4, 19, 16, 11, 
2021/10/26, 4, 18, 19, 13, 1
2021/10/27, 3, 15, 19, 14, 1
2021/10/28, 3, 20, 17, 15, 1
2021/10/29, 4, 33, 15, 14, 1
2021/10/30, 5, 10, 21, 8, 
2021/10/31, 2, 16, 14, 11, 
2021/11/1, 2, 8, 15, 13, 
2021/11/2, 2, 7, 23, 14, 
2021/11/3, 3, 4, 26, 11, 
2021/7/1, 1, 6, 47, 4, 
2021/7/2, 1, 9, 50, 3, 
2021/7/3, 1, 8, 36, 3, 
2021/7/4, 1, 6, 44, 5, 
2021/7/5, 1, 10, 61, 7, 
2021/7/6, 2, 13, 52, 7, 
2021/7/7, 2, 8, 28, 6, 
2021/7/8, 1, 4, 32, 5, 
2021/7/9, 1, 5, 61, 4, 
2021/7/10, 1, 4, 43, 2, 
2021/7/11, 1, 11, 65, 6, 
2021/7/12, 1, 14, 35, 6, 
2021/7/13, 1, 7, 37, 4, 
2021/7/14, 1, 8, 37, 4, 
2021/7/15, 1, 7, 39, 4, 
2021/7/16, 1, 6, 39, 3, 
2021/7/17, 1, 6, 37, 2, 
2021/7/18, 1, 11, 49, 4, 
2021/7/19, 1, 18, 75, 5, 
2021/7/20, 2, 19, 80, 6, 
2021/7/21, 2, 22, 68, 5, 
2021/7/22, 2, 22, 84, 4, 
2021/7/23, 2, 23, 44, 5, 
2021/7/24, 2, 15, 36, 4, 
2021/7/25, 1, 8, 37, 4, 
2021/7/26, 1, 10, 26, 8, 
2021/7/27, 2, 9, 26, 8, 
2021/7/28, 2, 15, 46, 5, 
2021/7/29, 2, 20, 53, 6, 
2021/7/30, 2, 14, 41, 4, 
2021/7/31, 1, 5, 30, 3, 
2021/8/1, 1, 5, 39, 4, 
2021/8/2, 1, 6, 31, 5, 
2021/8/3, 1, 6, 21, 8, 
2021/8/4, 1, 6, 30, 4, 
2021/8/5, 1, 9, 46, 4, 
2021/8/6, 1, 12, 36, 4, 
2021/8/7, 1, 11, 37, 3, 
2021/8/8, 1, 12, 45, 4, 
2021/8/9, 1, 13, 48, 4, 
2021/8/10, 1, 13, 44, 4, 
2021/8/11, 1, 16, 62, 4, 
2021/8/12, 2, 17, 56, 5, 
2021/8/13, 2, 20, 56, 4, 
2021/8/14, 2, 25, 59, 3, 
2021/8/15, 2, 23, 43, 4, 
2021/8/16, 1, 3, 34, 3, 
2021/8/17, 1, 8, 44, 4, 
2021/8/18, 1, 9, 46, 5, 
2021/8/19, 1, 11, 47, 5, 
2021/8/20, 1, 13, 56, 4, 
2021/8/21, 2, 15, 45, 4, 
2021/8/22, 2, 9, 38, 3, 
2021/8/23, 1, 9, 43, 4, 
2021/8/24, 1, 5, 36, 5, 
2021/8/25, 1, 9, 45, 5, 
2021/8/26, 1, 9, 41, 4, 
2021/8/27, 1, 6, 40, 3, 
2021/8/28, 1, 2, 33, 3, 
2021/8/29, 1, 5, 40, 5, 
2021/8/30, 1, 7, 45, 5, 
2021/8/31, 1, 7, 43, 6, 
2021/9/1, 1, 12, 55, 7, 
2021/9/2, 2, 13, 56, 7, 
2021/9/3, 2, 15, 60, 4, 
2021/9/4, 2, 14, 57, 4, 
2021/9/5, 2, 14, 54, 5, 
2021/9/6, 2, 18, 63, 7, 
2021/9/7, 2, 20, 51, 8, 
2021/9/8, 3, 20, 43, 8, 
2021/9/9, 3, 24, 40, 9, 
2021/9/10, 3, 19, 54, 5, 
2021/9/11, 2, 17, 57, 4, 
2021/9/12, 2, 23, 62, 8, 
2021/9/13, 3, 26, 49, 9, 
2021/9/14, 3, 23, 25, 15, 
2021/9/15, 4, 9, 24, 6, 
2021/9/16, 1, 8, 33, 6, 
2021/9/17, 1, 11, 34, 6, 
2021/9/18, 2, 4, 32, 5, 
2021/9/19, 1, 6, 17, 10, 
2021/9/20, 2, 7, 32, 6, 
2021/9/21, 1, 10, 36, 7, 
2021/9/22, 2, 16, 36, 8, 
2021/9/23, 2, 15, 39, 7, 
2021/9/24, 2, 16, 24, 8, 
2021/9/25, 3, 11, 22, 6, 
2021/9/26, 2, 14, 23, 7, 
2021/9/27, 2, 14, 26, 7, 
2021/9/28, 2, 11, 29, 8, 
2021/9/29, 2, 9, 31, 7, 
2021/9/30, 1, 10, 19, 9, 
2021/4/1, 4, 36, 42, 11, 
2021/4/2, 2, 19, 43, 3, 
2021/4/3, 1, 11, 40, 3, 
2021/4/4, 1, 14, 41, 5, 
2021/4/5, 2, 17, 37, 3, 
2021/4/6, 1, 7, 33, 6, 
2021/4/7, 1, 13, 37, 10, 1
2021/4/8, 1, 20, 22, 12, 1
2021/4/9, 2, , , , 
2021/4/12, 1, 5, 40, 2, 
2021/4/13, 1, 9, 40, 8, 
2021/4/14, 1, 7, 39, 5, 
2021/4/15, 1, 10, 39, 8, 
2021/4/16, 2, 15, 45, 7, 
2021/4/17, 2, 23, 42, 6, 
2021/4/18, 2, 17, 41, 9, 
2021/4/19, 2, 12, 43, 10, 
2021/4/20, 2, 12, 39, 9, 
2021/4/21, 2, 16, 48, 9, 
2021/4/22, 2, 28, 56, 10, 
2021/4/23, 3, 25, 61, 7, 
2021/4/24, 2, 22, 63, 6, 
2021/4/25, 2, 26, 41, 10, 
2021/4/26, 3, 26, 31, 8, 
2021/4/27, 2, 33, 33, 9, 
2021/4/28, 3, 18, 21, 9, 
2021/4/29, 2, 7, 16, 11, 
2021/4/30, 2, 8, 25, 7, 
2021/5/1, 1, 2, 38, 4, 
2021/5/2, 1, 6, 43, 7, 
2021/5/3, 1, 11, 45, 7, 
2021/5/4, 1, 10, 42, 5, 
2021/5/5, 1, 9, 37, 7, 
2021/5/6, 1, 6, 34, 5, 
2021/5/7, 1, 5, 41, 5, 
2021/5/8, 1, 10, 43, 4, 
2021/5/9, 1, 14, 31, 9, 
2021/5/10, 2, 7, 29, 8, 
2021/5/11, 1, 6, 32, 6, 
2021/5/12, 1, 4, 35, 3, 
2021/5/13, 1, 5, 35, 6, 
2021/5/14, 1, 6, 38, 4, 
2021/5/15, 1, 6, 33, 3, 
2021/5/16, 1, 5, 34, 6, 
2021/5/17, 1, 5, 40, 6, 
2021/5/18, 1, 3, 37, 5, 
2021/5/19, 1, 4, 38, 5, 
2021/5/20, 1, 9, 44, 6, 
2021/5/21, 1, 6, 35, 4, 
2021/5/22, 1, 4, 35, 3, 
2021/5/23, 1, 5, 29, 4, 
2021/5/24, 1, 6, 38, 5, 
2021/5/25, 1, 7, 48, 6, 
2021/5/26, 1, 10, 57, 5, 
2021/5/27, 1, 9, 56, 6, 
2021/5/28, 2, 13, 57, 4, 
2021/5/29, 1, 7, 47, 3, 
2021/5/30, 1, 10, 51, 3, 
2021/5/31, 1, 17, 67, 5, 
2021/6/1, 2, 17, 47, 6, 
2021/6/2, 2, 13, 57, 3, 
2021/6/3, 2, 14, 57, 5, 
2021/6/4, 2, 12, 41, 3, 
2021/6/5, 1, 6, 47, 2, 
2021/6/6, 1, 8, 40, 4, 
2021/6/7, 1, 7, 31, 4, 
2021/6/8, 1, 7, 44, 4, 
2021/6/9, 1, 12, 68, 5, 
2021/6/10, 1, 20, 72, 6, 
2021/6/11, 2, 15, 64, 3, 
2021/6/12, 1, 7, 35, 2, 
2021/6/13, 1, 15, 80, 5, 
2021/6/14, 2, 19, 59, 4, 
2021/6/15, 1, 26, 77, 5, 
2021/6/16, 3, 28, 72, 6, 
2021/6/17, 2, 21, 64, 4, 
2021/6/18, 2, 20, 66, 4, 
2021/6/19, 2, 27, 44, 3, 
2021/6/20, 1, 37, 42, 5, 
2021/6/21, 1, 20, 39, 4, 
2021/6/22, 1, 11, 42, 4, 
2021/6/23, 1, 9, 46, 4, 
2021/6/24, 1, 6, 45, 4, 
2021/6/25, 1, 9, 63, 3, 
2021/6/26, 1, 12, 65, 3, 
2021/6/27, 1, 17, 74, 5, 
2021/6/28, 2, 13, 47, 3, 
2021/6/29, 1, 8, 37, 4, 
2021/6/30, 1, 5, 34, 4, 
2021/1/4, 3, 9, 11, 13, 1
2021/1/5, 3, 9, 17, 11, 
2021/1/6, 2, 10, 16, 12, 1
2021/1/7, 3, 11, 19, 15, 1
2021/1/8, 3, 16, 16, 15, 2
2021/1/9, 3, 12, 23, 10, 1
2021/1/10, 2, 19, 18, 17, 2
2021/1/11, 3, 23, 14, 20, 2
2021/1/12, 4, 13, 21, 19, 2
2021/1/13, 3, 13, 23, 14, 1
2021/1/14, 3, 22, 15, 17, 1
2021/1/15, 4, 24, 13, 16, 1
2021/1/16, 5, 31, 17, 15, 1
2021/1/17, 5, 33, 18, 22, 2
2021/1/18, 7, 16, 19, 18, 2
2021/1/19, 3, 41, 8, 25, 1
2021/1/20, 9, 43, 2, 27, 
2021/1/21, 10, 8, 14, 22, 
2021/1/22, 4, 6, 29, 10, 
2021/1/23, 2, 5, 28, 10, 1
2021/1/24, 1, 5, 27, 11, 1
2021/1/25, 1, 6, 26, 9, 
2021/1/26, 1, 10, 18, 16, 1
2021/1/27, 2, 11, 12, 16, 1
2021/1/28, 3, 13, 30, 16, 1
2021/1/29, 3, 12, 19, 16, 1
2021/1/30, 3, 26, 17, 14, 
2021/1/31, 5, 31, 11, 13, 
2021/2/1, 5, 31, 11, 18, 
2021/2/2, 6, 35, 2, 18, 
2021/2/3, 7, 17, 10, 15, 
2021/2/4, 5, 27, 7, 18, 
2021/2/5, 8, 28, 6, 18, 
2021/2/6, 6, 6, 8, 11, 
2021/2/7, 2, 6, 23, 13, 
2021/2/8, 2, 12, 13, 16, 1
2021/2/9, 3, 11, 14, 13, 
2021/2/10, 3, 7, 29, 12, 
2021/2/11, 1, 16, 21, 10, 
2021/2/12, 3, 18, 24, 8, 
2021/2/13, 3, 14, 28, 9, 1
2021/2/14, 2, 14, 26, 14, 1
2021/2/15, 3, 18, 26, 15, 1
2021/2/16, 3, 17, 21, 16, 1
2021/2/17, 3, 29, 10, 17, 1
2021/2/18, 5, 38, 11, 18, 1
2021/2/19, 6, 44, 14, 16, 1
2021/2/20, 8, 38, 28, 10, 1
2021/2/21, 4, 51, 24, 15, 
2021/2/22, 5, 38, 19, 18, 1
2021/2/23, 4, 67, 16, 18, 1
2021/2/24, 3, 71, 18, 17, 1
2021/2/25, 3, 68, 21, 16, 1
2021/2/26, 3, 60, 31, 13, 1
2021/2/27, 4, 16, 34, 6, 
2021/2/28, 2, 20, 31, 14, 1
2021/3/1, 3, 24, 29, 16, 1
2021/3/2, 3, 33, 17, 20, 1
2021/3/3, 4, 26, 34, 13, 1
2021/3/4, 3, 39, 34, 15, 1
2021/3/5, 4, 10, 18, 10, 
2021/3/6, 2, 21, 28, 9, 
2021/3/7, 3, 34, 28, 13, 1
2021/3/8, 4, 45, 30, 14, 
2021/3/9, 4, 13, 31, 11, 
2021/3/10, 1, 26, 34, 13, 1
2021/3/11, 3, 23, 34, 15, 
2021/3/12, 3, 14, 36, 10, 1
2021/3/13, 2, 6, 32, 4, 
2021/3/14, 1, 3, 33, 8, 
2021/3/15, 1, 5, 33, 4, 
2021/3/16, 1, 5, 31, 10, 
2021/3/17, 1, 7, 33, 8, 
2021/3/18, 1, 7, 36, 6, 
2021/3/19, 1, 6, 40, 6, 
2021/3/20, 1, 11, 34, 5, 
2021/3/21, 1, 6, 34, 5, 
2021/3/22, 1, 13, 34, 10, 
2021/3/23, 2, 31, 36, 14, 1
2021/3/24, 3, 30, 42, 14, 1
2021/3/25, 3, 42, 46, 12, 1
2021/3/26, 3, 24, 34, 8, 
2021/3/27, 3, 12, 39, 7, 
2021/3/28, 2, 21, 41, 11, 
2021/3/29, 3, 32, 49, 12, 
2021/3/30, 3, 46, 61, 14, 1
2021/3/31, 4, 48, 57, 14, 
2020/10/1, 3, 6, 39, 4, 
2020/10/2, 1, 4, 37, 4, 
2020/10/3, 1, 5, 29, 3, 
2020/10/4, 1, 4, 21, 8, 
2020/10/5, 2, 9, 16, 9, 
2020/10/6, 2, 5, 20, 8, 
2020/10/7, 1, 6, 23, 9, 
2020/10/8, 1, 10, 16, 10, 
2020/10/9, 2, 9, 29, 6, 
2020/10/10, 2, 2, 29, 3, 
2020/10/11, 1, 3, 29, 3, 
2020/10/12, 1, 6, 24, 10, 
2020/10/13, 2, 10, 20, 11, 
2020/10/14, 2, 9, 10, 11, 
2020/10/15, 3, 7, 13, 8, 
2020/10/16, 2, 8, 17, 7, 
2020/10/17, 2, 16, 21, 7, 
2020/10/18, 3, 18, 15, 11, 
2020/10/19, 4, 16, 8, 14, 
2020/10/20, 4, 18, 7, 13, 
2020/10/21, 4, 17, 11, 13, 
2020/10/22, 4, 7, 8, 12, 
2020/10/23, 3, 7, 14, 10, 
2020/10/24, 3, 11, 14, 6, 
2020/10/25, 2, 7, 27, 11, 
2020/10/26, 2, 4, 26, 9, 
2020/10/27, 2, 8, 17, 10, 
2020/10/28, 2, 10, 13, 11, 
2020/10/29, 3, 11, 10, 11, 
2020/10/30, 3, 13, 14, 9, 
2020/10/31, 3, 18, 13, 8, 
2020/11/1, 4, 16, 23, 9, 
2020/11/2, 3, 33, 10, 16, 
2020/11/3, 7, 20, 6, 11, 
2020/11/4, 4, 24, 13, 13, 
2020/11/5, 4, 46, 14, 13, 
2020/11/6, 5, 19, 14, 10, 
2020/11/7, 3, 12, 15, 9, 
2020/11/8, 3, 15, 14, 11, 
2020/11/9, 3, 19, 12, 13, 
2020/11/10, 3, 31, 10, 15, 
2020/11/11, 5, 55, 11, 19, 
2020/11/12, 8, 35, 9, 13, 
2020/11/13, 5, 28, 13, 10, 
2020/11/14, 4, 28, 19, 7, 
2020/11/15, 4, 21, 29, 11, 
2020/11/16, 4, 14, 13, 15, 
2020/11/17, 4, 14, 10, 13, 1
2020/11/18, 3, 14, 32, 15, 1
2020/11/19, 4, 3, 30, 3, 
2020/11/20, 1, 10, 23, 8, 
2020/11/21, 2, 17, 18, 9, 1
2020/11/22, 3, 25, 14, 16, 1
2020/11/23, 6, 36, 10, 21, 1
2020/11/24, 8, 23, 10, 17, 1
2020/11/25, 5, 24, 9, 17, 1
2020/11/26, 5, 25, 9, 18, 1
2020/11/27, 6, 37, 10, 17, 1
2020/11/28, 8, 34, 8, 15, 1
2020/11/29, 6, 27, 11, 14, 1
2020/11/30, 5, 41, 6, 18, 
2020/12/1, 6, 19, 2, 15, 
2020/12/2, 4, 15, 7, 14, 
2020/12/3, 3, 9, 8, 20, 
2020/12/4, 4, 13, 7, 20, 1
2020/12/5, 5, 13, 8, 17, 1
2020/12/6, 4, 8, 12, 20, 1
2020/12/7, 3, 12, 9, 15, 1
2020/12/8, 3, 12, 8, 18, 1
2020/12/9, 4, 10, 7, 16, 1
2020/12/10, 4, 14, 3, 17, 1
2020/12/11, 5, 14, 11, 13, 1
2020/12/12, 4, 9, 13, 12, 1
2020/12/13, 3, 10, 7, 15, 1
2020/12/14, 3, 18, 2, 19, 2
2020/12/15, 5, 12, 5, 16, 1
2020/12/16, 4, 12, 5, 15, 1
2020/12/17, 4, 14, 4, 18, 1
2020/12/18, 4, 19, 6, 16, 1
2020/12/19, 5, 21, 4, 10, 
2020/12/20, 5, 27, 2, 12, 
2020/12/21, 6, 18, 2, 14, 1
2020/12/22, 5, 12, 2, 15, 1
2020/12/23, 4, 12, 7, 12, 
2020/12/24, 4, 4, 27, 4, 
2020/12/25, 1, 5, 28, 5, 
2020/12/26, 2, 15, 15, 11, 1
2020/12/27, 3, 13, 14, 15, 
2020/12/28, 3, 11, 10, 19, 1
2020/12/29, 3, 14, 12, 15, 1
2020/12/30, 4, 13, 11, 18, 2
2020/12/31, 3, 20, 7, 16, 1
2021/1/1, 4, 15, 6, 16, 1
2021/1/2, 4, 10, 16, 11, 1
2021/1/3, 3, 10, 16, 13, 1
2020/7/1, 2, 11, 49, 4, 
2020/7/2, 1, 6, 34, 5, 
2020/7/3, 1, 5, 42, 3, 
2020/7/4, 1, 7, 60, 2, 
2020/7/5, 1, 15, 78, 4, 
2020/7/6, 2, 14, 49, 3, 
2020/7/7, 1, 14, 70, 6, 
2020/7/8, 1, 19, 96, 6, 
2020/7/9, 2, 21, 84, 7, 
2020/7/10, 2, 9, 38, 3, 
2020/7/11, 1, 5, 45, 2, 
2020/7/12, 1, 9, 48, 4, 
2020/7/13, 1, 12, 52, 6, 
2020/7/14, 2, 12, 38, 7, 
2020/7/15, 2, 11, 49, 5, 
2020/7/16, 1, 14, 61, 6, 
2020/7/17, 2, 10, 31, 4, 
2020/7/18, 1, , , , 
2020/7/20, 1, 17, 62, 5, 
2020/7/21, 2, 10, 49, 5, 
2020/7/22, 1, 17, 52, 4, 
2020/7/23, 1, 10, 29, 7, 
2020/7/24, 1, 6, 39, 4, 
2020/7/25, 1, 8, 60, 4, 
2020/7/26, 1, 13, 59, 5, 
2020/7/27, 2, 16, 61, 5, 
2020/7/28, 2, 19, 86, 5, 
2020/7/29, 2, 26, 67, 5, 
2020/7/30, 3, 15, 64, 6, 
2020/7/31, 1, 16, 55, 3, 
2020/8/1, 1, 12, 56, 2, 
2020/8/2, 1, 5, 34, 4, 
2020/8/3, 1, 3, 34, 2, 
2020/8/4, 1, 4, 54, 4, 
2020/8/5, 1, 7, 68, 5, 
2020/8/6, 1, 10, 86, 6, 
2020/8/7, 2, 15, 71, 4, 
2020/8/8, 2, 16, 66, 3, 
2020/8/9, 2, 17, 66, 5, 
2020/8/10, 2, 15, 76, 5, 
2020/8/11, 2, 20, 70, 4, 
2020/8/12, 2, 12, 36, 4, 
2020/8/13, 1, 9, 37, 4, 
2020/8/14, 1, 7, 48, 3, 
2020/8/15, 1, 9, 44, 3, 
2020/8/16, 1, 7, 33, 5, 
2020/8/17, 1, 8, 44, 4, 
2020/8/18, 1, 8, 46, 4, 
2020/8/19, 1, 15, 58, 5, 
2020/8/20, 2, 18, 60, 5, 
2020/8/21, 2, 15, 53, 4, 
2020/8/22, 1, 6, 34, 3, 
2020/8/23, 1, 8, 41, 4, 
2020/8/24, 1, 10, 47, 5, 
2020/8/25, 1, 14, 60, 6, 
2020/8/26, 2, 15, 59, 6, 
2020/8/27, 2, 12, 37, 8, 
2020/8/28, 2, 6, 34, 3, 
2020/8/29, 1, 5, 37, 2, 
2020/8/30, 1, 5, 23, 6, 
2020/8/31, 1, 5, 36, 6, 
2020/9/1, 1, 4, 31, 5, 
2020/9/2, 1, 7, 40, 5, 
2020/9/3, 1, 12, 59, 7, 
2020/9/4, 2, 14, 61, 5, 
2020/9/5, 2, 13, 51, 3, 
2020/9/6, 2, 6, 21, 8, 
2020/9/7, 2, 11, 41, 6, 
2020/9/8, 2, 13, 42, 6, 
2020/9/9, 2, 14, 48, 6, 
2020/9/10, 2, 19, 48, 7, 
2020/9/11, 3, 17, 50, 4, 
2020/9/12, 2, 19, 47, 3, 
2020/9/13, 3, 24, 55, 8, 
2020/9/14, 3, 29, 63, 7, 
2020/9/15, 3, 27, 58, 8, 
2020/9/16, 3, 19, 49, 7, 
2020/9/17, 2, 24, 57, 8, 
2020/9/18, 3, 22, 37, 5, 
2020/9/19, 2, 21, 37, 3, 
2020/9/20, 2, 22, 34, 8, 
2020/9/21, 3, 9, 27, 7, 
2020/9/22, 2, 7, 37, 5, 
2020/9/23, 1, 11, 28, 6, 
2020/9/24, 2, 3, 28, 6, 
2020/9/25, 1, 2, 27, 3, 
2020/9/26, 1, 3, 27, 3, 
2020/9/27, 1, 4, 27, 7, 
2020/9/28, 1, 7, 19, 9, 
2020/9/29, 2, 10, 31, 9, 
2020/9/30, 3, 13, 20, 10, 
2020/4/1, 2, 23, 38, 8, 
2020/4/2, 3, 29, 44, 9, 1
2020/4/3, 3, 33, 53, 9, 1
2020/4/4, 3, 26, 43, 6, 
2020/4/5, 2, 20, 45, 8, 
2020/4/6, 2, 21, 50, 7, 
2020/4/7, 3, 31, 56, 7, 1
2020/4/8, 3, 26, 53, 7, 
2020/4/9, 3, 21, 54, 7, 
2020/4/10, 2, 20, 53, 5, 
2020/4/11, 2, 14, 45, 4, 
2020/4/12, 1, 13, 45, 4, 
2020/4/13, 1, 16, 40, 4, 
2020/4/14, 1, 15, 40, 3, 
2020/4/15, 1, 24, 45, 6, 
2020/4/16, 2, 20, 51, 6, 
2020/4/17, 2, 19, 51, 5, 
2020/4/18, 2, 24, 44, 4, 
2020/4/19, 2, 14, 30, 6, 
2020/4/20, 2, 11, 26, 6, 
2020/4/21, 2, 14, 41, 5, 
2020/4/22, 2, 20, 56, 6, 
2020/4/23, 3, 25, 58, 7, 
2020/4/24, 3, 16, 50, 4, 
2020/4/25, 2, 10, 42, 2, 
2020/4/26, 1, 9, 33, 5, 
2020/4/27, 1, 9, 27, 5, 
2020/4/28, 1, 5, 33, 5, 
2020/4/29, 1, 7, 25, 6, 
2020/4/30, 1, 7, 33, 3, 
2020/5/1, 1, 5, 35, 3, 
2020/5/2, 1, 4, 46, 2, 
2020/5/3, 1, 8, 48, 5, 
2020/5/4, 1, 11, 47, 6, 
2020/5/5, 2, 17, 42, 5, 
2020/5/6, 2, 15, 53, 4, 
2020/5/7, 2, 18, 69, 6, 
2020/5/8, 2, 15, 59, 3, 
2020/5/9, 1, 11, 40, 2, 
2020/5/10, 1, 6, 32, 7, 
2020/5/11, 1, 6, 38, 4, 
2020/5/12, 1, 10, 22, 8, 
2020/5/13, 1, 10, 41, 4, 
2020/5/14, 1, 8, 38, 5, 
2020/5/15, 1, 8, 21, 4, 
2020/5/16, 1, 10, 31, 2, 
2020/5/17, 1, 13, 43, 3, 
2020/5/18, 1, 16, 39, 6, 
2020/5/19, 2, 12, 48, 4, 
2020/5/20, 1, 15, 58, 3, 
2020/5/21, 1, 18, 60, 5, 
2020/5/22, 2, 18, 53, 4, 
2020/5/23, 2, 4, 37, 1, 
2020/5/24, 1, 5, 39, 3, 
2020/5/25, 1, 9, 51, 4, 
2020/5/26, 1, 9, 51, 4, 
2020/5/27, 1, 12, 64, 6, 
2020/5/28, 2, 10, 50, 4, 
2020/5/29, 1, 9, 52, 3, 
2020/5/30, 1, 12, 43, 2, 
2020/5/31, 1, 13, 55, 3, 
2020/6/1, 1, 16, 55, 5, 
2020/6/2, 2, 10, 48, 4, 
2020/6/3, 1, 4, 27, 7, 
2020/6/4, 1, 5, 39, 4, 
2020/6/5, 1, 7, 41, 3, 
2020/6/6, 1, 4, 24, 3, 
2020/6/7, 1, 5, 16, 6, 
2020/6/8, 1, 4, 30, 5, 
2020/6/9, 1, 5, 23, 6, 
2020/6/10, 1, 4, 34, 3, 
2020/6/11, 1, 8, 38, 4, 
2020/6/12, 1, 8, 38, 3, 
2020/6/13, 1, 5, 31, 2, 
2020/6/14, 1, 6, 38, 6, 
2020/6/15, 1, 8, 35, 6, 
2020/6/16, 1, 5, 24, 7, 
2020/6/17, 1, 6, 40, 5, 
2020/6/18, 1, 4, 34, 5, 
2020/6/19, 1, 3, 41, 3, 
2020/6/20, 1, 3, 36, 1, 
2020/6/21, 1, 6, 32, 4, 
2020/6/22, 1, 9, 57, 5, 
2020/6/23, 1, 18, 80, 6, 
2020/6/24, 2, 20, 66, 5, 
2020/6/25, 2, 15, 61, 4, 
2020/6/26, 1, 14, 49, 3, 
2020/6/27, 1, 14, 50, 2, 
2020/6/28, 1, 15, 52, 2, 
2020/6/29, 1, 17, 59, 5, 
2020/6/30, 2, 19, 45, 6, 
2020/1/1, 3, 21, 8, 13, 1
2020/1/2, 5, 13, 5, , 2
2020/1/3, 5, 8, 34, , 2
2020/1/4, 3, 8, 29, 14, 1
2020/1/5, 2, 25, 11, 14, 1
2020/1/6, 5, 31, 9, 17, 1
2020/1/7, 6, 19, 11, 22, 2
2020/1/8, 5, 14, 7, 21, 2
2020/1/9, 4, 14, 11, 19, 1
2020/1/10, 4, 13, 11, 17, 1
2020/1/11, 4, 10, 18, 14, 1
2020/1/12, 3, 22, 9, 19, 1
2020/1/13, 5, 29, 11, 19, 1
2020/1/14, 6, 25, 6, 21, 2
2020/1/15, 6, 18, 10, 20, 1
2020/1/16, 5, 16, 11, 20, 2
2020/1/17, 4, 23, 30, 17, 1
2020/1/18, 7, 5, 27, 10, 1
2020/1/19, 1, 9, 20, 14, 1
2020/1/20, 2, 15, 14, 18, 2
2020/1/21, 4, 18, 10, 23, 2
2020/1/22, 4, 23, 9, 21, 2
2020/1/23, 5, 31, 7, 23, 2
2020/1/24, 7, 36, 6, 22, 2
2020/1/25, 8, 29, 14, 16, 1
2020/1/26, 5, 30, 13, 19, 1
2020/1/27, 5, 23, 12, 20, 
2020/1/28, 4, 5, 23, 14, 
2020/1/29, 1, 12, 12, 21, 1
2020/1/30, 3, 13, 12, 20, 1
2020/1/31, 4, 15, 5, 18, 1
2020/2/1, 4, 10, 12, 14, 1
2020/2/2, 3, 21, 8, 19, 1
2020/2/3, 4, 16, 29, 13, 
2020/2/4, 4, 5, 33, 8, 
2020/2/5, 1, 9, 18, 18, 1
2020/2/6, 3, 15, 17, 19, 1
2020/2/7, 3, 24, 19, 15, 1
2020/2/8, 4, 39, 21, 14, 1
2020/2/9, 5, 47, 18, 21, 1
2020/2/10, 7, 10, 32, 9, 
2020/2/11, 2, 5, 30, 11, 
2020/2/12, 1, 16, 20, 18, 1
2020/2/13, 3, 11, 20, 16, 1
2020/2/14, 2, 15, 21, 15, 1
2020/2/15, 3, 37, 17, 16, 1
2020/2/16, 5, 56, 5, 24, 1
2020/2/17, 8, 20, 28, 17, 1
2020/2/18, 4, 8, 31, 12, 1
2020/2/19, 1, 10, 22, 17, 1
2020/2/20, 2, 20, 20, 20, 1
2020/2/21, 3, 43, 22, 19, 1
2020/2/22, 5, 47, 31, 15, 1
2020/2/23, 5, 41, 24, 17, 1
2020/2/24, 5, 49, 23, 13, 
2020/2/25, 4, 16, 29, 11, 
2020/2/26, 2, 4, 29, 9, 
2020/2/27, 1, 6, 33, 9, 
2020/2/28, 1, 9, 23, 12, 1
2020/2/29, 2, 18, 24, 8, 
2020/3/1, 3, 16, 15, 18, 
2020/3/2, 3, 3, 33, 7, 
2020/3/3, 1, 4, 33, 9, 
2020/3/4, 2, 15, 19, 16, 1
2020/3/5, 3, 14, 25, 11, 
2020/3/6, 2, 1, 36, 4, 
2020/3/7, 1, 4, 36, 7, 
2020/3/8, 1, 15, 23, 17, 1
2020/3/9, 3, 11, 25, 17, 1
2020/3/10, 2, 11, 27, 13, 1
2020/3/11, 2, 19, 20, 13, 
2020/3/12, 3, 20, 31, 11, 
2020/3/13, 3, 9, 25, 6, 
2020/3/14, 2, 12, 26, 5, 
2020/3/15, 2, 13, 32, 7, 
2020/3/16, 2, 19, 34, 9, 
2020/3/17, 3, 21, 40, 10, 
2020/3/18, 3, 16, 43, 7, 
2020/3/19, 3, 20, 43, 8, 
2020/3/20, 2, 21, 42, 7, 
2020/3/21, 3, 27, 27, 5, 
2020/3/22, 3, 16, 26, 5, 
2020/3/23, 2, 15, 35, 6, 
2020/3/24, 2, 17, 30, 6, 
2020/3/25, 2, 20, 28, 7, 
2020/3/26, 2, 21, 33, 6, 
2020/3/27, 3, 46, 36, 5, 
2020/3/28, 3, 61, 15, 7, 1
2020/3/29, 3, , , , 
2019/10/1, 2, 5, 25, 7, 
2019/10/2, 1, 5, 31, 5, 
2019/10/3, 1, 11, 26, 10, 
2019/10/4, 2, 6, 25, 7, 
2019/10/5, 2, 17, 30, 7, 
2019/10/6, 2, 8, 26, 9, 
2019/10/7, 1, 13, 22, 11, 
2019/10/8, 3, 17, 10, 13, 
2019/10/9, 3, 7, 16, 9, 
2019/10/10, 2, 12, 22, 10, 1
2019/10/11, 2, 13, 24, 9, 
2019/10/12, 3, 14, 27, 7, 
2019/10/13, 3, 15, 14, 13, 1
2019/10/14, 3, 13, 21, 13, 
2019/10/15, 3, 5, 29, 11, 
2019/10/16, 2, 10, 20, 11, 1
2019/10/17, 3, 15, 13, 11, 
2019/10/18, 3, 11, 8, 14, 2
2019/10/19, 3, 8, 20, 10, 
2019/10/20, 2, 7, 24, 13, 
2019/10/21, 2, 14, 14, 10, 
2019/10/22, 3, 19, 11, 10, 
2019/10/23, 3, 16, 9, 14, 
2019/10/24, 3, 12, 13, 10, 
2019/10/25, 2, 13, 16, 9, 
2019/10/26, 2, 13, 19, 7, 
2019/10/27, 2, 24, 19, 12, 1
2019/10/28, 3, 41, 17, 16, 
2019/10/29, 6, 30, 12, 14, 
2019/10/30, 4, 22, 14, 11, 
2019/10/31, 3, 23, 14, 13, 
2019/11/1, 4, 33, 6, 13, 
2019/11/2, 5, 6, 5, 12, 
2019/11/3, 2, 7, 12, 12, 1
2019/11/4, 2, 6, 18, 12, 
2019/11/5, 2, 9, 10, 13, 1
2019/11/6, 3, 10, 8, 13, 1
2019/11/7, 3, 4, 12, 14, 
2019/11/8, 2, 5, 17, 11, 1
2019/11/9, 2, 7, 16, 10, 1
2019/11/10, 2, 7, 13, 15, 1
2019/11/11, 2, 5, 19, 15, 1
2019/11/12, 2, 3, 30, 7, 
2019/11/13, 1, 7, 15, 17, 1
2019/11/14, 2, 7, 20, 16, 1
2019/11/15, 2, 6, 19, 13, 1
2019/11/16, 2, 6, 22, 11, 1
2019/11/17, 2, 7, 17, 17, 1
2019/11/18, 3, 4, 19, 15, 1
2019/11/19, 2, 10, 13, 16, 1
2019/11/20, 3, 12, 10, 15, 1
2019/11/21, 3, 7, 13, 18, 1
2019/11/22, 3, 4, 19, 16, 1
2019/11/23, 2, 5, 23, 11, 1
2019/11/24, 2, 12, 9, 14, 1
2019/11/25, 3, 12, 4, 15, 1
2019/11/26, 4, 10, 5, 17, 1
2019/11/27, 4, 11, 6, 14, 1
2019/11/28, 3, 9, 8, 15, 1
2019/11/29, 3, 6, 12, 15, 1
2019/11/30, 2, 16, 11, 14, 1
2019/12/1, 4, 8, 14, 14, 1
2019/12/2, 3, 12, 7, 17, 1
2019/12/3, 4, 20, 8, 17, 1
2019/12/4, 5, 18, 9, 18, 2
2019/12/5, 5, 19, 8, 18, 2
2019/12/6, 5, 14, 11, 17, 2
2019/12/7, 4, 12, 13, 14, 2
2019/12/8, 4, 25, 12, 19, 2
2019/12/9, 6, 6, 28, 12, 1
2019/12/10, 2, 15, 13, 21, 2
2019/12/11, 4, 19, 12, 18, 1
2019/12/12, 4, 12, 12, 19, 1
2019/12/13, 4, 8, 23, 19, 2
2019/12/14, 3, 15, 8, 16, 2
2019/12/15, 5, 18, 2, 19, 1
2019/12/16, 6, 8, 1, 22, 1
2019/12/17, 5, 8, 2, 20, 1
2019/12/18, 5, 11, 4, 19, 1
2019/12/19, 4, 5, 24, 16, 
2019/12/20, 2, 5, 19, 14, 1
2019/12/21, 2, 5, 20, 12, 1
2019/12/22, 2, 2, 26, 12, 1
2019/12/23, 1, 6, 22, 18, 2
2019/12/24, 3, 4, 30, 10, 1
2019/12/25, 1, 5, 21, 12, 2
2019/12/26, 2, 10, 12, 17, 2
2019/12/27, 3, 22, 13, 16, 2
2019/12/28, 5, 22, 14, 12, 2
2019/12/29, 4, , , , 
2019/7/1, 2, 10, 59, 6, 
2019/7/2, 1, 15, 59, 7, 
2019/7/3, 1, 14, 74, 6, 
2019/7/4, 2, 15, 71, 6, 
2019/7/5, 2, 16, 73, 5, 
2019/7/6, 2, 10, 50, 3, 
2019/7/7, 1, 12, 68, 5, 
2019/7/8, 1, 16, 69, 5, 
2019/7/9, 2, 16, 62, 5, 
2019/7/10, 2, 16, 50, 6, 
2019/7/11, 2, 13, 58, 5, 
2019/7/12, 2, 8, 39, 3, 
2019/7/13, 1, 7, 53, 3, 
2019/7/14, 1, 4, 36, 5, 
2019/7/15, 1, 7, 54, 5, 
2019/7/16, 1, 9, 73, 7, 
2019/7/17, 2, 12, 70, 6, 
2019/7/18, 2, 18, 76, 7, 
2019/7/19, 2, 22, 80, 5, 
2019/7/20, 3, 19, 67, 4, 
2019/7/21, 2, 22, 85, 6, 
2019/7/22, 3, 27, 91, 7, 
2019/7/23, 3, 30, 91, 7, 
2019/7/24, 3, 30, 92, 7, 
2019/7/25, 3, 23, 75, 7, 
2019/7/26, 2, 9, 42, 4, 
2019/7/27, 1, 9, 36, 3, 
2019/7/28, 1, 4, 52, 5, 
2019/7/29, 1, 8, 73, 6, 
2019/7/30, 1, 8, 43, 5, 
2019/7/31, 1, 13, 68, 4, 
2019/8/1, 1, 10, 29, 7, 
2019/8/2, 1, 7, 44, 4, 
2019/8/3, 1, 9, 66, 3, 
2019/8/4, 1, 14, 80, 5, 
2019/8/5, 2, 16, 62, 5, 
2019/8/6, 2, 5, 29, 9, 
2019/8/7, 1, 9, 47, 5, 
2019/8/8, 1, 13, 54, 5, 
2019/8/9, 2, 19, 46, 6, 
2019/8/10, 2, 20, 44, 4, 
2019/8/11, 2, 10, 30, 6, 
2019/8/12, 1, 4, 32, 4, 
2019/8/13, 1, 3, 33, 3, 
2019/8/14, 1, 6, 42, 3, 
2019/8/15, 1, 6, 41, 4, 
2019/8/16, 1, 9, 46, 4, 
2019/8/17, 1, 11, 47, 3, 
2019/8/18, 1, 11, 37, 6, 
2019/8/19, 2, 9, 29, 8, 
2019/8/20, 2, 10, 39, 6, 
2019/8/21, 2, 9, 37, 7, 
2019/8/22, 1, 12, 25, 7, 
2019/8/23, 2, 12, 33, 4, 
2019/8/24, 1, 13, 42, 3, 
2019/8/25, 1, 16, 50, 6, 
2019/8/26, 2, 22, 48, 7, 
2019/8/27, 2, 16, 32, 9, 
2019/8/28, 2, 14, 35, 8, 
2019/8/29, 2, 14, 58, 8, 
2019/8/30, 2, 15, 42, 5, 
2019/8/31, 2, 13, 45, 4, 
2019/9/1, 2, 8, 35, 5, 
2019/9/2, 1, 7, 44, 5, 
2019/9/3, 1, 11, 43, 6, 
2019/9/4, 2, 10, 41, 6, 
2019/9/5, 2, 5, 27, 9, 
2019/9/6, 2, 6, 24, 4, 
2019/9/7, 1, , 29, 3, 
2019/9/8, 1, 4, 32, 7, 
2019/9/9, 1, 6, 32, 8, 
2019/9/10, 2, 7, 34, 8, 
2019/9/11, 2, 11, 48, 8, 
2019/9/12, 2, 16, 60, 9, 
2019/9/13, 3, 20, 70, 7, 
2019/9/14, 3, 25, 55, 6, 
2019/9/15, 3, 23, 49, 8, 
2019/9/16, 3, 31, 43, 8, 
2019/9/17, 3, 21, 40, 8, 
2019/9/18, 2, 9, 24, 6, 
2019/9/19, 2, 13, 28, 8, 
2019/9/20, 2, 14, 38, 5, 
2019/9/21, 2, 12, 29, 5, 
2019/9/22, 2, 6, 23, 7, 
2019/9/23, 1, 8, 18, 11, 
2019/9/24, 2, 8, 31, 9, 
2019/9/25, 2, 13, 36, 8, 
2019/9/26, 2, 26, 23, 11, 
2019/9/27, 4, 22, 32, 7, 
2019/9/28, 3, 13, 32, 5, 
2019/9/29, 2, 12, 30, 7, 
2019/9/30, 2, 15, 23, 11, 
2019/4/1, 3, 30, 47, 16, 1
2019/4/2, 4, 14, 35, 12, 
2019/4/3, 2, 4, 37, 7, 
2019/4/4, 1, 6, 31, 13, 
2019/4/5, 2, 18, 33, 12, 
2019/4/6, 3, 17, 36, 8, 
2019/4/7, 2, 8, 40, 10, 
2019/4/8, 2, 9, 43, 8, 
2019/4/9, 1, 9, 31, 13, 
2019/4/10, 2, 11, 30, 11, 
2019/4/11, 2, 14, 34, 10, 
2019/4/12, 2, 20, 35, 7, 
2019/4/13, 2, 6, 36, 5, 
2019/4/14, 1, 8, 30, 14, 1
2019/4/15, 2, 15, 34, 14, 1
2019/4/16, 3, 14, 49, 13, 1
2019/4/17, 3, 25, 52, 14, 1
2019/4/18, 4, 20, 52, 9, 
2019/4/19, 3, 14, 54, 8, 
2019/4/20, 2, 15, 54, 7, 
2019/4/21, 2, 17, 50, 5, 
2019/4/22, 2, 12, 34, 9, 
2019/4/23, 2, 9, 30, 11, 
2019/4/24, 2, 11, 29, 11, 
2019/4/25, 2, 13, 37, 9, 
2019/4/26, 1, 3, 40, 8, 
2019/4/27, 1, 3, 40, 3, 
2019/4/28, 1, 3, 39, 4, 
2019/4/29, 1, 6, 43, 5, 
2019/4/30, 1, 9, 51, 5, 
2019/5/1, 1, 11, 43, 9, 
2019/5/2, 2, 6, 36, 7, 
2019/5/3, 1, 4, 39, 5, 
2019/5/4, 1, 5, 37, 2, 
2019/5/5, 1, 4, 42, 4, 
2019/5/6, 1, 9, 42, 9, 
2019/5/7, 2, 10, 30, 12, 
2019/5/8, 2, 4, 42, 7, 
2019/5/9, 1, 12, 48, 8, 
2019/5/10, 2, 12, 30, 8, 
2019/5/11, 2, 3, 42, 2, 
2019/5/12, 1, 6, 38, 5, 
2019/5/13, 1, 9, 46, 7, 
2019/5/14, 1, 12, 40, 7, 
2019/5/15, 1, 16, 43, 8, 
2019/5/16, 2, 17, 30, 10, 
2019/5/17, 2, 5, 34, 5, 
2019/5/18, 1, 5, 30, 5, 
2019/5/19, 1, 6, 32, 7, 
2019/5/20, 1, 9, 42, 7, 
2019/5/21, 1, 12, 38, 9, 
2019/5/22, 2, 9, 58, 8, 
2019/5/23, 2, 14, 52, 9, 
2019/5/24, 2, 11, 39, 5, 
2019/5/25, 1, 7, 35, 5, 
2019/5/26, 1, 9, 32, 8, 
2019/5/27, 2, 6, 30, 6, 
2019/5/28, 1, 3, 36, 5, 
2019/5/29, 1, 4, 49, 4, 
2019/5/30, 1, 6, 49, 5, 
2019/5/31, 1, 9, 54, 5, 
2019/6/1, 2, 11, 69, 5, 
2019/6/2, 2, 14, 73, 8, 
2019/6/3, 2, 15, 78, 7, 
2019/6/4, 2, 19, 74, 7, 
2019/6/5, 2, 16, 37, 8, 
2019/6/6, 2, 15, 47, 6, 
2019/6/7, 2, 17, 54, 4, 
2019/6/8, 2, 17, 36, 5, 
2019/6/9, 2, 20, 31, 5, 
2019/6/10, 2, 36, 38, 8, 
2019/6/11, 3, 21, 50, 7, 
2019/6/12, 2, 12, 60, 6, 
2019/6/13, 1, 13, 59, 8, 
2019/6/14, 2, 24, 61, 5, 
2019/6/15, 2, 6, 45, 3, 
2019/6/16, 1, 12, 62, 6, 
2019/6/17, 1, 18, 65, 6, 
2019/6/18, 2, 16, 52, 7, 
2019/6/19, 2, 15, 50, 4, 
2019/6/20, 1, 13, 50, 7, 
2019/6/21, 2, 8, 40, 5, 
2019/6/22, 1, 7, 53, 3, 
2019/6/23, 1, 12, 77, 6, 
2019/6/24, 2, 20, 93, 7, 
2019/6/25, 3, 28, 98, 7, 
2019/6/26, 3, 32, 68, 7, 
2019/6/27, 3, 38, 127, 10, 
2019/6/28, 3, 23, 79, 4, 
2019/6/29, 2, 22, 86, 4, 
2019/6/30, 2, 20, 65, 8, 
2019/1/1, 6, 7, 32, 6, 
2019/1/2, 3, 3, 32, 4, 
2019/1/3, 1, 18, 20, 19, 2
2019/1/4, 4, 30, 23, 19, 2
2019/1/5, 4, 1, 30, 3, 
2019/1/6, 1, 29, 29, 17, 1
2019/1/7, 7, 44, 19, 19, 1
2019/1/8, 8, 2, 31, 6, 
2019/1/9, 1, 3, 26, 4, 
2019/1/10, 1, 6, 29, 10, 1
2019/1/11, 3, 17, 9, 22, 3
2019/1/12, 4, 8, 26, 13, 1
2019/1/13, 3, 3, 29, 7, 
2019/1/14, 1, 7, 29, 14, 1
2019/1/15, 2, 14, 14, 20, 2
2019/1/16, 3, 18, 9, 19, 
2019/1/17, 5, 12, 29, 14, 1
2019/1/18, 3, 16, 17, 12, 1
2019/1/19, 3, 17, 17, 12, 1
2019/1/20, 3, 19, 17, 17, 2
2019/1/21, 4, 21, 16, 19, 2
2019/1/22, 4, 35, 10, 20, 1
2019/1/23, 6, 34, 13, 22, 2
2019/1/24, 6, 10, 33, 12, 1
2019/1/25, 2, 24, 15, 23, 2
2019/1/26, 5, 41, 5, 24, 1
2019/1/27, 8, 14, 27, 12, 1
2019/1/28, 4, 9, 26, 16, 1
2019/1/29, 2, 21, 13, 18, 1
2019/1/30, 4, 22, 16, 18, 1
2019/1/31, 4, 18, 10, 25, 1
2019/2/1, 5, 14, 5, 22, 1
2019/2/2, 5, 8, 24, 10, 1
2019/2/3, 3, 7, 28, 16, 1
2019/2/4, 2, 11, 20, 21, 2
2019/2/5, 3, 13, 19, 24, 2
2019/2/6, 3, 18, 13, 26, 2
2019/2/7, 4, 18, 15, 26, 2
2019/2/8, 4, 17, 22, 19, 2
2019/2/9, 4, 21, 12, 18, 1
2019/2/10, 4, 5, 32, 7, 
2019/2/11, 1, 3, 34, 8, 
2019/2/12, 1, 16, 24, 20, 1
2019/2/13, 4, 15, 17, 21, 2
2019/2/14, 4, 17, 17, 22, 2
2019/2/15, 4, 26, 17, 21, 2
2019/2/16, 5, 14, 22, 17, 2
2019/2/17, 3, 27, 24, 22, 2
2019/2/18, 5, 45, 25, 20, 1
2019/2/19, 7, 44, 22, 19, 1
2019/2/20, 6, 49, 19, 22, 1
2019/2/21, 6, 25, 35, 17, 1
2019/2/22, 3, 21, 26, 10, 
2019/2/23, 2, 28, 26, 15, 1
2019/2/24, 3, 31, 22, 23, 2
2019/2/25, 4, 28, 16, 26, 2
2019/2/26, 6, 18, 22, 24, 2
2019/2/27, 4, 33, 21, 26, 2
2019/2/28, 5, 17, 36, 13, 1
2019/3/1, 2, 6, 34, 12, 
2019/3/2, 1, 14, 33, 14, 1
2019/3/3, 2, 27, 17, 23, 1
2019/3/4, 4, 7, 29, 16, 1
2019/3/5, 2, 15, 12, 26, 2
2019/3/6, 4, 12, 14, 21, 
2019/3/7, 4, 19, 24, 16, 1
2019/3/8, 4, 19, 32, 11, 1
2019/3/9, 3, 13, 30, 12, 1
2019/3/10, 3, 4, 34, 7, 
2019/3/11, 1, 5, 35, 11, 1
2019/3/12, 1, 7, 34, 12, 1
2019/3/13, 1, 3, 32, 9, 
2019/3/14, 1, 4, 33, 10, 
2019/3/15, 1, 6, 28, 10, 
2019/3/16, 1, 12, 26, 9, 
2019/3/17, 2, 2, 37, 4, 
2019/3/18, 1, 5, 34, 9, 
2019/3/19, 1, 10, 35, 12, 1
2019/3/20, 2, 20, 36, 14, 1
2019/3/21, 3, 21, 36, 17, 1
2019/3/22, 3, 23, 45, 14, 1
2019/3/23, 3, 19, 45, 10, 1
2019/3/24, 3, 15, 41, 5, 
2019/3/25, 2, 5, 39, 2, 
2019/3/26, 1, 14, 33, 3, 1
2019/3/27, 2, 19, 34, 13, 1
2019/3/28, 3, 26, 38, 16, 1
2019/3/29, 3, 26, 45, 12, 1
2019/3/30, 3, 21, 51, 11, 1
2019/3/31, 2, 25, 49, 17, 1
2018/10/1, 2, 5, 32, 11, 
2018/10/2, 2, 11, 30, 12, 
2018/10/3, 3, 14, 35, 12, 
2018/10/4, 3, 23, 35, 13, 
2018/10/5, 4, 25, 23, 10, 
2018/10/6, 3, 12, 33, 6, 
2018/10/7, 2, 14, 37, 10, 
2018/10/8, 3, 21, 37, 12, 
2018/10/9, 4, 26, 21, 13, 
2018/10/10, 4, 23, 18, 14, 
2018/10/11, 4, 13, 27, 11, 
2018/10/12, 3, 21, 32, 8, 
2018/10/13, 3, 30, 34, 7, 
2018/10/14, 4, 30, 20, 13, 
2018/10/15, 5, 32, 27, 10, 
2018/10/16, 4, 32, 25, 14, 
2018/10/17, 5, 29, 24, 12, 
2018/10/18, 5, 16, 24, 11, 
2018/10/19, 3, 22, 28, 9, 
2018/10/20, 4, 30, 32, 6, 
2018/10/21, 3, 11, 27, 9, 
2018/10/22, 2, 14, 21, 14, 
2018/10/23, 3, 11, 27, 11, 
2018/10/24, 2, 30, 28, 13, 
2018/10/25, 4, 47, 14, 14, 
2018/10/26, 5, 18, 31, 9, 
2018/10/27, 3, 3, 27, 7, 
2018/10/28, 1, 11, 35, 12, 
2018/10/29, 1, 5, 24, 10, 
2018/10/30, 2, 8, 8, 15, 
2018/10/31, 2, 5, 25, 9, 
2018/11/1, 2, 10, 15, 14, 
2018/11/2, 3, 10, 11, 10, 
2018/11/3, 2, 11, 7, 9, 
2018/11/4, 3, 11, 6, 17, 
2018/11/5, 3, 12, 5, 15, 
2018/11/6, 3, 8, 15, 16, 
2018/11/7, 3, 12, 11, 13, 
2018/11/8, 3, 11, 11, 11, 
2018/11/9, 3, 11, 6, 10, 
2018/11/10, 3, 10, 10, 10, 
2018/11/11, 2, 13, 5, 15, 
2018/11/12, 4, 15, 8, 12, 
2018/11/13, 4, 14, 8, 11, 
2018/11/14, 3, 20, 8, 12, 
2018/11/15, 4, 23, 10, 14, 
2018/11/16, 4, 16, 17, 10, 
2018/11/17, 3, 16, 22, 9, 
2018/11/18, 3, 21, 9, 15, 
2018/11/19, 4, 18, 7, 14, 
2018/11/20, 3, 12, 5, 17, 1
2018/11/21, 4, 11, 6, 16, 1
2018/11/22, 3, 12, 12, 16, 
2018/11/23, 4, 6, 17, 12, 
2018/11/24, 2, 13, 7, 10, 
2018/11/25, 3, 13, 5, 15, 1
2018/11/26, 4, 4, 25, 6, 
2018/11/27, 3, 9, 19, 15, 
2018/11/28, 3, 24, 5, 18, 1
2018/11/29, 6, 41, 1, 20, 
2018/11/30, 8, 37, 7, 16, 
2018/12/1, 7, 27, 4, 15, 1
2018/12/2, 6, 19, 7, 17, 1
2018/12/3, 5, 12, 12, 21, 1
2018/12/4, 4, 14, 9, 18, 1
2018/12/5, 4, 38, 6, 18, 1
2018/12/6, 8, 30, 4, 18, 1
2018/12/7, 6, 9, 28, 11, 
2018/12/8, 3, 3, 30, 9, 
2018/12/9, 1, 2, 25, 7, 
2018/12/10, 1, 4, 27, 8, 
2018/12/11, 1, 12, 15, 17, 1
2018/12/12, 3, 24, 7, 22, 1
2018/12/13, 4, 25, 10, 19, 1
2018/12/14, 5, 29, 10, 20, 1
2018/12/15, 6, 34, 7, 19, 1
2018/12/16, 7, 57, 4, 26, 1
2018/12/17, 13, 31, 4, 25, 2
2018/12/18, 7, 30, 2, 25, 1
2018/12/19, 8, 18, 6, 21, 1
2018/12/20, 6, 11, 7, 17, 1
2018/12/21, 4, 9, 9, 17, 1
2018/12/22, 4, 13, 5, 17, 1
2018/12/23, 5, 8, 31, 10, 1
2018/12/24, 3, 8, 16, 15, 1
2018/12/25, 2, 18, 11, 15, 1
2018/12/26, 4, 13, 9, 18, 2
2018/12/27, 4, 15, 5, 20, 2
2018/12/28, 4, 15, 5, 18, 2
2018/12/29, 4, 9, 34, 9, 1
2018/12/30, 3, , , , 
2018/7/1, 2, 20, 73, 4, 
2018/7/2, 2, 17, 79, 5, 
2018/7/3, 2, 9, 70, 5, 
2018/7/4, 1, 6, 45, 6, 
2018/7/5, 1, 5, 41, 5, 
2018/7/6, 1, 5, 53, 3, 
2018/7/7, 1, 7, 67, 3, 
2018/7/8, 1, 12, 82, 6, 
2018/7/9, 2, 17, 75, 7, 
2018/7/10, 2, 12, 62, 5, 
2018/7/11, 2, 16, 58, 6, 
2018/7/12, 2, 19, 71, 6, 
2018/7/13, 2, 16, 61, 4, 
2018/7/14, 1, 10, 61, 3, 
2018/7/15, 1, 11, 50, 6, 
2018/7/16, 1, 9, 52, 6, 
2018/7/17, 1, 10, 70, 7, 
2018/7/18, 1, 15, 94, 7, 
2018/7/19, 2, 18, 67, 8, 
2018/7/20, 2, 5, 41, 4, 
2018/7/21, 1, 5, 44, 3, 
2018/7/22, 1, 7, 54, 7, 
2018/7/23, 1, 11, 87, 7, 
2018/7/24, 2, 15, 93, 7, 
2018/7/25, 2, 19, 99, 6, 
2018/7/26, 2, 14, 84, 6, 
2018/7/27, 2, 13, 63, 4, 
2018/7/28, 1, 8, 58, 3, 
2018/7/29, 1, 13, 74, 6, 
2018/7/30, 2, 15, 75, 6, 
2018/7/31, 2, 15, 82, 4, 
2018/8/1, 2, 17, 63, 7, 
2018/8/2, 2, 18, 90, 7, 
2018/8/3, 3, 14, 72, 4, 
2018/8/4, 2, 16, 73, 3, 
2018/8/5, 2, 16, 50, 8, 
2018/8/6, 2, 9, 51, 5, 
2018/8/7, 1, 13, 64, 5, 
2018/8/8, 2, 10, 50, 4, 
2018/8/9, 1, 14, 50, 4, 
2018/8/10, 1, 13, 54, 3, 
2018/8/11, 1, 11, 42, 4, 
2018/8/12, 1, 10, 26, 7, 
2018/8/13, 1, 7, 37, 5, 
2018/8/14, 1, 6, 43, 3, 
2018/8/15, 1, 7, 46, 5, 
2018/8/16, 1, 10, 53, 5, 
2018/8/17, 1, 10, 52, 4, 
2018/8/18, 1, 11, 47, 3, 
2018/8/19, 1, 11, 56, 5, 
2018/8/20, 1, 13, 51, 6, 
2018/8/21, 1, 16, 61, 6, 
2018/8/22, 2, 17, 75, 6, 
2018/8/23, 2, 9, 49, 6, 
2018/8/24, 1, 8, 39, 4, 
2018/8/25, 1, 3, 34, 2, 
2018/8/26, 1, 6, 44, 7, 
2018/8/27, 1, 8, 65, 8, 
2018/8/28, 2, 12, 68, 8, 
2018/8/29, 3, 15, 70, 9, 
2018/8/30, 3, 9, 43, 9, 
2018/8/31, 2, 5, 22, 6, 
2018/9/1, 1, 5, 30, 4, 
2018/9/2, 1, 6, 32, 6, 
2018/9/3, 1, 7, 40, 6, 
2018/9/4, 1, 10, 54, 7, 
2018/9/5, 2, 13, 57, 7, 
2018/9/6, 3, 10, 46, 7, 
2018/9/7, 2, 11, 47, 5, 
2018/9/8, 2, 13, 51, 4, 
2018/9/9, 2, 16, 50, 7, 
2018/9/10, 3, 17, 54, 8, 
2018/9/11, 2, 22, 64, 8, 
2018/9/12, 3, 23, 55, 9, 
2018/9/13, 3, 14, 41, 9, 
2018/9/14, 2, 19, 50, 5, 
2018/9/15, 2, 20, 28, 6, 
2018/9/16, 3, 22, 43, 8, 
2018/9/17, 3, 18, 38, 9, 
2018/9/18, 3, 18, 42, 8, 
2018/9/19, 3, 17, 49, 8, 
2018/9/20, 3, 21, 49, 10, 
2018/9/21, 3, 19, 48, 6, 
2018/9/22, 3, 21, 47, 5, 
2018/9/23, 2, 8, 35, 3, 
2018/9/24, 1, 8, 31, 8, 
2018/9/25, 1, 10, 33, 7, 
2018/9/26, 1, 14, 34, 10, 
2018/9/27, 3, 11, 39, 12, 
2018/9/28, 3, 11, 46, 8, 
2018/9/29, 2, 18, 35, 6, 
2018/9/30, 2, 15, 33, 8, 
2018/4/1, 1, 6, 41, 6, 
2018/4/2, 1, 11, 29, 14, 
2018/4/3, 2, 8, 25, 14, 
2018/4/4, 2, 6, 35, 9, 
2018/4/5, 1, 10, 38, 12, 
2018/4/6, 2, 30, 41, 10, 
2018/4/7, 3, 26, 45, 8, 
2018/4/8, 3, 14, 32, 12, 
2018/4/9, 2, 7, 31, 11, 
2018/4/10, 2, 5, 30, 12, 
2018/4/11, 2, 4, 42, 9, 
2018/4/12, 1, 5, 37, 15, 
2018/4/13, 2, 6, 43, 9, 
2018/4/14, 1, 8, 24, 12, 1
2018/4/15, 2, 14, 36, 13, 
2018/4/16, 2, 18, 44, 12, 
2018/4/17, 2, 31, 52, 10, 
2018/4/18, 3, 32, 63, 12, 
2018/4/19, 3, 29, 60, 12, 
2018/4/20, 3, 20, 68, 8, 
2018/4/21, 3, 21, 67, 7, 
2018/4/22, 3, 26, 53, 10, 
2018/4/23, 3, 25, 53, 9, 
2018/4/24, 2, 29, 50, 9, 
2018/4/25, 3, 28, 49, 9, 
2018/4/26, 3, 17, 26, 12, 
2018/4/27, 2, 23, 52, 6, 
2018/4/28, 2, 18, 43, 4, 
2018/4/29, 2, 10, 41, 5, 
2018/4/30, 1, 8, 40, 3, 
2018/5/1, 1, 7, 26, 10, 
2018/5/2, 2, 15, 15, 12, 
2018/5/3, 2, 19, 21, 12, 
2018/5/4, 3, 19, 40, 7, 
2018/5/5, 2, 20, 43, 5, 
2018/5/6, 1, 15, 44, 6, 
2018/5/7, 1, 15, 54, 6, 
2018/5/8, 2, 13, 41, 8, 
2018/5/9, 2, 8, 51, 4, 
2018/5/10, 1, 10, 36, 8, 
2018/5/11, 2, 10, 37, 6, 
2018/5/12, 1, 9, 39, 5, 
2018/5/13, 1, 3, 42, 6, 
2018/5/14, 1, 8, 31, 8, 
2018/5/15, 2, 12, 36, 7, 
2018/5/16, 2, 9, 43, 7, 
2018/5/17, 2, 9, 47, 8, 
2018/5/18, 2, 7, 45, 4, 
2018/5/19, 1, 7, 36, 5, 
2018/5/20, 1, 7, 39, 4, 
2018/5/21, 1, 14, 32, 9, 
2018/5/22, 2, 10, 39, 6, 
2018/5/23, 2, 10, 47, 7, 
2018/5/24, 2, 11, 54, 7, 
2018/5/25, 2, 17, 68, 5, 
2018/5/26, 2, 20, 54, 3, 
2018/5/27, 1, 11, 37, 7, 
2018/5/28, 1, 8, 33, 8, 
2018/5/29, 1, 17, 35, 8, 
2018/5/30, 2, 16, 34, 4, 
2018/5/31, 1, 18, 50, 6, 
2018/6/1, 2, 16, 46, 5, 
2018/6/2, 2, 16, 57, 4, 
2018/6/3, 2, 14, 35, 8, 
2018/6/4, 2, 15, 52, 6, 
2018/6/5, 2, 13, 40, 5, 
2018/6/6, 1, 9, 44, 4, 
2018/6/7, 1, 7, 31, 8, 
2018/6/8, 1, 8, 55, 4, 
2018/6/9, 1, 11, 49, 4, 
2018/6/10, 1, 18, 42, 7, 
2018/6/11, 2, 20, 25, 7, 
2018/6/12, 2, 9, 29, 7, 
2018/6/13, 2, 5, 46, 6, 
2018/6/14, 1, 8, 64, 7, 
2018/6/15, 1, 11, 74, 5, 
2018/6/16, 2, 13, 68, 4, 
2018/6/17, 2, 11, 73, 6, 
2018/6/18, 2, 14, 92, 6, 
2018/6/19, 2, 20, 87, 7, 
2018/6/20, 3, 18, 72, 6, 
2018/6/21, 2, 14, 42, 4, 
2018/6/22, 1, 9, 56, 3, 
2018/6/23, 2, 11, 57, , 
2018/6/24, 1, 14, 57, 5, 
2018/6/25, 2, 11, 62, 5, 
2018/6/26, 1, 12, 52, 5, 
2018/6/27, 1, 10, 55, 5, 
2018/6/28, 1, 6, 64, 4, 
2018/6/29, 1, 9, 75, 4, 
2018/6/30, 1, 16, 85, 5, 
2018/1/7, 6, 17, 1, 18, 1
2018/1/8, 7, 13, 20, 17, 
2018/1/9, 3, 10, 17, 16, 
2018/1/10, 3, 12, 11, 16, 1
2018/1/11, 4, 15, 10, 18, 1
2018/1/12, 5, 16, 13, 15, 1
2018/1/13, 4, 21, 11, 14, 1
2018/1/14, 4, 42, 5, 19, 1
2018/1/15, 9, 32, 12, 19, 1
2018/1/16, 7, 11, 25, 16, 1
2018/1/17, 3, 8, 25, 17, 1
2018/1/18, 3, 8, 22, 19, 1
2018/1/19, 3, 6, 28, 12, 1
2018/1/20, 2, 4, 31, 7, 
2018/1/21, 1, 12, 16, 18, 1
2018/1/22, 3, 28, 7, 21, 1
2018/1/23, 7, 48, 4, 27, 2
2018/1/24, 11, 34, 2, 25, 1
2018/1/25, 9, 31, 1, 26, 
2018/1/26, 11, 11, 9, 18, 1
2018/1/27, 5, 13, 6, 13, 1
2018/1/28, 4, 17, 5, 18, 1
2018/1/29, 6, 29, 6, 22, 1
2018/1/30, 8, 51, 1, 27, 1
2018/1/31, 16, 29, 5, 24, 
2018/2/1, 6, 10, 17, 18, 1
2018/2/2, 4, 6, 31, 9, 
2018/2/3, 2, 10, 24, 12, 1
2018/2/4, 3, 17, 17, 16, 
2018/2/5, 3, 18, 9, 16, 
2018/2/6, 4, 15, 14, 15, 1
2018/2/7, 4, 17, 6, 19, 1
2018/2/8, 5, 21, 6, 20, 1
2018/2/9, 6, 12, 27, 11, 1
2018/2/10, 3, 19, 24, 12, 1
2018/2/11, 3, 24, 30, 12, 1
2018/2/12, 5, 7, 30, 12, 1
2018/2/13, 2, 12, 24, 16, 1
2018/2/14, 3, 21, 20, 19, 1
2018/2/15, 4, 34, 19, 20, 1
2018/2/16, 5, 48, 12, 23, 1
2018/2/17, 9, 50, 20, 16, 1
2018/2/18, 8, 21, 22, 16, 
2018/2/19, 4, 41, 18, 21, 1
2018/2/20, 6, 34, 20, 19, 1
2018/2/21, 5, 33, 17, 19, 1
2018/2/22, 5, 35, 10, 16, 
2018/2/23, 5, 30, 20, 14, 
2018/2/24, 5, 20, 28, 9, 
2018/2/25, 3, 24, 27, 11, 
2018/2/26, 4, 23, 28, 12, 1
2018/2/27, 3, 33, 25, 16, 1
2018/2/28, 5, 53, 20, 18, 
2018/3/1, 7, 47, 9, 25, 1
2018/3/2, 8, 22, 13, 19, 1
2018/3/3, 5, 22, 27, 15, 1
2018/3/4, 4, 27, 25, 18, 1
2018/3/5, 5, 21, 23, 15, 1
2018/3/6, 4, 23, 10, 19, 1
2018/3/7, 5, 10, 27, 17, 1
2018/3/8, 3, 20, 23, 21, 1
2018/3/9, 4, 18, 20, 13, 
2018/3/10, 4, 9, 21, 11, 
2018/3/11, 2, 8, 22, 14, 
2018/3/12, 2, 11, 25, 14, 1
2018/3/13, 3, 6, 28, 15, 1
2018/3/14, 2, 8, 21, 13, 
2018/3/15, 2, 8, 28, 12, 
2018/3/16, 2, 7, 23, 12, 
2018/3/17, 2, 6, 28, 8, 
2018/3/18, 2, 10, 25, 11, 
2018/3/19, 2, 16, 33, 12, 
2018/3/20, 3, 12, 37, 8, 
2018/3/21, 2, 23, 34, 13, 1
2018/3/22, 3, 17, 38, 12, 
2018/3/23, 3, 28, 34, 13, 1
2018/3/24, 3, 25, 41, 9, 
2018/3/25, 3, 25, 38, 13, 1
2018/3/26, 3, 11, 37, 14, 1
2018/3/27, 2, 20, 37, 12, 
2018/3/28, 3, 30, 24, 12, 
2018/3/29, 4, 18, 26, 14, 
2018/3/30, 3, 7, 37, 8, 
2018/3/31, 1, 3, 40, 9, 
2017/4/1, 3, 9, 41, 6, 
2017/4/2, 2, 13, 38, 13, 
2017/4/3, 3, 16, 41, 15, 
2017/4/4, 3, , , , 
2017/1/2, 6, 18, 27, 13, 
2017/1/3, 5, 20, 28, 16, 1
2017/1/4, 4, 3, 29, 6, 
2017/1/5, 1, 8, 27, 11, 
2017/1/6, 3, 21, 18, 17, 1
2017/1/7, 4, 43, 13, 21, 1
2017/1/8, 8, 43, 9, 26, 1
2017/1/9, 9, 47, 12, 28, 1
2017/1/10, 11, 38, 13, 19, 
2017/1/11, 6, 37, 4, 23, 1
2017/1/12, 10, 18, 25, 20, 
2017/1/13, 6, 3, 29, 13, 
2017/1/14, 1, 3, 28, 8, 
2017/1/15, 1, 4, 26, 12, 
2017/1/16, 1, 8, 24, 12, 
2017/1/17, 2, 14, 13, 21, 1
2017/1/18, 4, 26, 10, 25, 1
2017/1/19, 7, 37, 7, 29, 1
2017/1/20, 9, 24, 15, 20, 1
2017/1/21, 6, 17, 16, 16, 1
2017/1/22, 4, 17, 17, 24, 1
2017/1/23, 5, 16, 17, 24, 1
2017/1/24, 5, 25, 10, 27, 1
2017/1/25, 7, 39, 10, 28, 1
2017/1/26, 9, 61, 5, 30, 1
2017/1/27, 14, 65, 1, 31, 2
2017/1/28, 18, 64, 10, 28, 1
2017/1/29, 14, 50, 5, 29, 1
2017/1/30, 12, 77, 1, 36, 1
2017/1/31, 24, 54, 2, 29, 1
2017/2/1, 15, 49, 1, 30, 
2017/2/2, 17, 10, 2, 30, 
2017/2/3, 7, 12, 9, 19, 
2017/2/4, 4, 5, 18, 14, 
2017/2/5, 2, 4, 33, 10, 
2017/2/6, 2, 9, 15, 20, 1
2017/2/7, 3, 21, 8, 19, 
2017/2/8, 6, 31, 15, 17, 
2017/2/9, 6, 34, 4, 25, 
2017/2/10, 9, , , , 
2017/2/13, 7, 29, 13, 15, 
2017/2/14, 5, 16, 12, 19, 1
2017/2/15, 5, 12, 5, 19, 1
2017/2/16, 4, 22, 12, 25, 1
2017/2/17, 6, 41, 24, 18, 1
2017/2/18, 6, 49, 26, 15, 
2017/2/19, 7, 52, 18, 23, 1
2017/2/20, 9, 40, 13, 26, 1
2017/2/21, 8, 33, 24, 21, 1
2017/2/22, 7, 39, 3, 25, 1
2017/2/23, 9, 28, 35, 18, 
2017/2/24, 8, 9, 31, 10, 
2017/2/25, 2, 12, 27, 14, 
2017/2/26, 3, 32, 28, 19, 1
2017/2/27, 6, 21, 17, 22, 
2017/2/28, 5, 5, 31, 18, 
2017/3/1, 2, 10, 25, 18, 1
2017/3/2, 3, 17, 8, 24, 1
2017/3/3, 5, 16, 29, 13, 
2017/3/4, 3, 7, 29, 7, 
2017/3/5, 1, 7, 27, 13, 
2017/3/6, 2, 3, 35, 9, 
2017/3/7, 2, 5, 31, 13, 
2017/3/8, 2, 8, 23, 17, 
2017/3/9, 3, 6, 39, 10, 
2017/3/10, 1, 9, 33, 11, 
2017/3/11, 2, 20, 36, 12, 
2017/3/12, 3, 22, 34, 16, 
2017/3/13, 4, 24, 29, 19, 1
2017/3/14, 4, 35, 16, 27, 1
2017/3/15, 6, 62, 31, 24, 1
2017/3/16, 9, 66, 45, 20, 1
2017/3/17, 9, 43, 41, 15, 
2017/3/18, 6, 18, 29, 15, 
2017/3/19, 4, 55, 37, 14, 
2017/3/20, 6, 69, 24, 18, 
2017/3/21, 8, 37, 17, 17, 
2017/3/22, 5, 14, 30, 15, 
2017/3/23, 3, 11, 17, 19, 
2017/3/24, 3, 13, 7, 9, 
2017/3/25, 3, 5, 40, 5, 
2017/3/26, 1, 12, 32, 10, 
2017/3/27, 2, 11, 32, 15, 
2017/3/28, 3, 13, 35, 18, 
2017/3/29, 4, 16, 40, 19, 
2017/3/30, 4, 21, 47, 17, 
2017/3/31, 4, 19, 47, 12, 
2016/10/1, 3, 12, 31, 5, 
2016/10/2, 2, 4, 29, 8, 
2016/10/3, 1, 5, 25, 11, 
2016/10/4, 2, 14, 29, 10, 
2016/10/5, 3, 8, 23, 8, 
2016/10/6, 2, 13, 25, 10, 
2016/10/7, 3, 25, 26, 10, 
2016/10/8, 4, 18, 14, 10, 
2016/10/9, 3, 5, 21, 9, 
2016/10/10, 2, 6, 20, 11, 
2016/10/11, 2, 8, 19, 12, 
2016/10/12, 3, 12, 11, 15, 
2016/10/13, 4, 6, 9, 19, 
2016/10/14, 3, 7, 6, 14, 
2016/10/15, 4, 8, 15, 8, 
2016/10/16, 2, 16, 4, 13, 
2016/10/17, 5, 13, 17, 10, 
2016/10/18, 4, 18, 15, 11, 
2016/10/19, 4, 15, 20, 10, 
2016/10/20, 3, 12, 18, 11, 
2016/10/21, 3, 16, 11, 12, 
2016/10/22, 4, 22, 10, 11, 
2016/10/23, 4, 14, 3, 16, 
2016/10/24, 5, 12, 1, 15, 
2016/10/25, 6, 13, 3, 13, 
2016/10/26, 5, 11, 12, 11, 
2016/10/27, 4, 21, 13, 11, 
2016/10/28, 5, 14, 15, 11, 
2016/10/29, 4, 14, 21, 10, 
2016/10/30, 4, 29, 21, 13, 
2016/10/31, 6, 38, 22, 12, 
2016/11/1, 7, 25, 6, 17, 
2016/11/2, 7, 27, 12, 15, 
2016/11/3, 5, 19, 16, 11, 
2016/11/4, 3, , , , 
2016/11/6, 2, 5, 20, 15, 
2016/11/7, 2, 6, 19, 16, 
2016/11/8, 3, 12, 11, 17, 
2016/11/9, 4, 17, 14, 18, 
2016/11/10, 5, 30, 25, 19, 
2016/11/11, 7, 3, 23, 9, 
2016/11/12, 2, 10, 15, 15, 1
2016/11/13, 3, 23, 8, 16, 1
2016/11/14, 6, 28, 3, 19, 
2016/11/15, 9, 36, 4, 20, 1
2016/11/16, 10, 46, 3, 21, 1
2016/11/17, 12, 52, 1, 27, 
2016/11/18, 15, 13, 1, 21, 
2016/11/19, 7, 17, 3, 13, 
2016/11/20, 5, 9, 2, 20, 
2016/11/21, 5, 7, 2, 23, 
2016/11/22, 6, 9, 4, 21, 
2016/11/23, 5, 17, 1, 20, 
2016/11/24, 7, 9, 7, 22, 
2016/11/25, 5, 7, 16, 14, 
2016/11/26, 3, 9, 10, 10, 
2016/11/27, 3, 15, 16, 14, 
2016/11/28, 4, 14, 20, 12, 
2016/11/29, 3, 14, 10, 18, 
2016/11/30, 5, 18, 4, 27, 1
2016/12/1, 8, 18, 4, 25, 1
2016/12/2, 8, 55, 1, 22, 
2016/12/3, 11, 54, 1, 16, 1
2016/12/4, 13, 30, 10, 17, 1
2016/12/5, 8, 15, 10, 20, 1
2016/12/6, 5, 14, 6, 23, 1
2016/12/7, 6, 12, 8, 19, 1
2016/12/8, 4, 13, 7, 22, 1
2016/12/9, 5, 16, 6, 20, 1
2016/12/10, 6, 18, 7, 18, 1
2016/12/11, 6, 45, 1, 25, 
2016/12/12, 17, 24, 4, 26, 1
2016/12/13, 9, 25, 5, 24, 1
2016/12/14, 9, 25, 5, 24, 1
2016/12/15, 8, 30, 3, 26, 1
2016/12/16, 10, 20, 9, 19, 1
2016/12/17, 6, 15, 12, 20, 1
2016/12/18, 4, 28, 11, 24, 1
2016/12/19, 8, 17, 4, 24, 1
2016/12/20, 6, 15, 6, 19, 1
2016/12/21, 6, 12, 3, 20, 1
2016/12/22, 6, 9, 4, 20, 1
2016/12/23, 5, , , , 
2016/12/26, 6, 4, 31, 4, 
2016/12/27, 1, 13, 24, 25, 1
2016/12/28, 4, 17, 19, 14, 
2016/12/29, 3, 21, 13, 13, 
2016/12/30, 5, , , , 
2016/7/1, 4, 15, 43, 5, 
2016/7/2, 2, 8, 40, 3, 
2016/7/3, 1, 13, 46, 6, 
2016/7/4, 2, 15, 49, 6, 
2016/7/5, 3, 7, 45, 7, 
2016/7/6, 2, 15, 80, 8, 
2016/7/7, 2, 21, 80, 7, 
2016/7/8, 3, 16, 61, 5, 
2016/7/9, 2, 22, 81, 4, 
2016/7/10, 3, 24, 60, 7, 
2016/7/11, 3, 11, 36, 7, 
2016/7/12, 2, 9, 34, 6, 
2016/7/13, 1, 3, 35, 4, 
2016/7/14, 1, 3, 37, 3, 
2016/7/15, 1, 4, 41, 3, 
2016/7/16, 1, 4, 29, 4, 
2016/7/17, 1, 10, 76, 7, 
2016/7/18, 2, 15, 101, 7, 
2016/7/19, 3, 25, 99, 8, 
2016/7/20, 5, 26, 69, 10, 
2016/7/21, 4, 17, 36, 10, 
2016/7/22, 3, 16, 30, 7, 
2016/7/23, 2, 13, 41, 4, 
2016/7/24, 1, 19, 52, 7, 
2016/7/25, 3, 14, 48, 6, 
2016/7/26, 2, 11, 44, 6, 
2016/7/27, 2, 8, 48, 6, 
2016/7/28, 2, 11, 71, 6, 
2016/7/29, 2, 16, 71, 6, 
2016/7/30, 3, 10, 39, 4, 
2016/7/31, 1, 9, 52, 4, 
2016/8/1, 1, 9, 48, 6, 
2016/8/2, 2, 10, 75, 6, 
2016/8/3, 2, 16, 68, 6, 
2016/8/4, 3, 3, 45, 7, 
2016/8/5, 1, 2, 33, 2, 
2016/8/6, 1, 5, 47, 3, 
2016/8/7, 1, 8, 60, 5, 
2016/8/8, 2, 11, 46, 8, 
2016/8/9, 3, 4, 34, 4, 
2016/8/10, 1, 4, 39, 5, 
2016/8/11, 1, 7, 56, 5, 
2016/8/12, 2, 10, 57, 5, 
2016/8/13, 2, 12, 64, 4, 
2016/8/14, 3, 13, 55, 4, 
2016/8/15, 2, 11, 42, 6, 
2016/8/18, 2, 13, 40, 7, 
2016/8/19, 2, 12, 23, 9, 
2016/8/20, 3, 7, 33, 2, 
2016/8/21, 1, 5, 37, 5, 
2016/8/22, 1, 8, 59, 8, 
2016/8/23, 2, 11, 64, 8, 
2016/8/24, 3, 13, 58, 8, 
2016/8/25, 3, 20, 60, 9, 
2016/8/26, 4, 20, 68, 5, 
2016/8/27, 3, 19, 69, 5, 
2016/8/28, 3, 19, 59, 8, 
2016/8/29, 3, 9, 24, 10, 
2016/8/30, 2, 9, 53, 8, 
2016/8/31, 3, 13, 59, 9, 
2016/9/1, 3, 19, 76, 9, 
2016/9/2, 4, 21, 67, 6, 
2016/9/3, 4, 22, 62, 5, 
2016/9/4, 3, 4, 27, 6, 
2016/9/5, 1, 7, 34, 5, 
2016/9/6, 1, 9, 39, 8, 
2016/9/7, 2, 19, 56, 9, 
2016/9/8, 3, 19, 60, 11, 
2016/9/9, 4, 19, 66, 7, 
2016/9/10, 4, 12, 52, 4, 
2016/9/11, 2, 17, 42, 9, 
2016/9/12, 3, 27, 52, 10, 
2016/9/13, 4, 26, 55, 10, 
2016/9/14, 4, 15, 35, 11, 
2016/9/15, 3, 8, 24, 10, 
2016/9/16, 3, 7, 28, 6, 
2016/9/17, 2, 4, 27, 4, 
2016/9/18, 1, 5, 33, 6, 
2016/9/19, 1, 6, 33, 10, 
2016/9/20, 2, 8, 28, 12, 
2016/9/21, 3, 20, 29, 10, 
2016/9/22, 3, 23, 36, 10, 
2016/9/23, 4, 20, 41, 7, 
2016/9/24, 3, 12, 39, 6, 
2016/9/25, 3, 15, 43, 10, 
2016/9/26, 4, 30, 38, 13, 
2016/9/27, 5, 26, 39, 11, 
2016/9/28, 5, 28, 42, 12, 
2016/9/29, 6, 27, 39, 12, 
2016/9/30, 5, 12, 24, 8, 
2016/4/1, 6, 35, 30, 13, 
2016/4/2, 5, 35, 31, 10, 
2016/4/3, 5, 22, 18, 17, 
2016/4/4, 5, 32, 24, 13, 
2016/4/5, 4, 41, 35, 14, 
2016/4/6, 5, 43, 37, 14, 
2016/4/7, 5, 11, 33, 9, 
2016/4/8, 2, 13, 34, 8, 
2016/4/9, 2, 18, 42, 8, 
2016/4/10, 3, 17, 39, 11, 
2016/4/11, 3, 12, 40, 10, 
2016/4/12, 2, 16, 27, 14, 
2016/4/13, 3, 7, 36, 11, 
2016/4/14, 2, 11, 32, 14, 
2016/4/15, 2, 12, 20, 14, 
2016/4/16, 3, 17, 26, 12, 
2016/4/17, 3, 9, 33, 9, 
2016/4/18, 1, 4, 39, 7, 
2016/4/19, 2, 13, 45, 11, 
2016/4/20, 2, 24, 44, 10, 
2016/4/21, 3, 27, 52, 10, 
2016/4/22, 4, 12, 42, 5, 
2016/4/23, 2, 4, 39, 3, 
2016/4/24, 1, 3, 37, 6, 
2016/4/25, 1, 8, 34, 10, 
2016/4/26, 2, 8, 42, 7, 
2016/4/27, 2, 9, 41, 11, 
2016/4/28, 2, 18, 36, 11, 
2016/4/29, 3, 15, 44, 9, 
2016/4/30, 2, 3, 33, 5, 
2016/5/1, 1, 8, 39, 8, 
2016/5/2, 2, 7, 44, 5, 
2016/5/3, 1, 5, 47, 4, 
2016/5/4, 1, 5, 47, 5, 
2016/5/5, 1, 12, 55, 10, 
2016/5/6, 3, 19, 53, 9, 
2016/5/7, 3, 15, 51, 6, 
2016/5/8, 2, 14, 29, 14, 
2016/5/9, 3, 13, 20, 17, 
2016/5/10, 3, 12, 14, 14, 
2016/5/11, 3, 4, 22, 14, 
2016/5/12, 2, 7, 23, 10, 
2016/5/13, 2, 9, 47, 7, 
2016/5/14, 2, 5, 43, 4, 
2016/5/15, 1, 6, 39, 5, 
2016/5/16, 2, 7, 46, 8, 
2016/5/17, 2, 13, 43, 10, 
2016/5/18, 3, 8, 33, 9, 
2016/5/19, 2, 5, 40, 9, 
2016/5/20, 2, 6, 61, 8, 
2016/5/21, 2, 8, 66, 6, 
2016/5/22, 2, 6, 35, 8, 
2016/5/23, 1, 4, 40, 8, 
2016/5/24, 1, 8, 45, 7, 
2016/5/25, 2, 11, 65, 6, 
2016/5/26, 3, 18, 80, 9, 
2016/5/27, 3, 23, 71, 6, 
2016/5/28, 4, 10, 36, 5, 
2016/5/29, 1, 4, 28, 7, 
2016/5/30, 1, 6, 21, 13, 
2016/5/31, 2, 9, 37, 7, 
2016/6/1, 2, 8, 34, 8, 
2016/6/2, 2, 10, 38, 7, 
2016/6/3, 2, 8, 38, 6, 
2016/6/4, 2, 6, 35, 5, 
2016/6/5, 1, 7, 41, 6, 
2016/6/6, 2, 9, 50, 8, 
2016/6/7, 2, 8, 46, 7, 
2016/6/8, 2, 9, 45, 6, 
2016/6/9, 2, 10, 57, 6, 
2016/6/10, 2, 7, 42, 5, 
2016/6/11, 1, 8, 43, 4, 
2016/6/12, 1, 9, 46, 6, 
2016/6/13, 2, 6, 34, 7, 
2016/6/14, 2, 6, 38, 6, 
2016/6/15, 2, 9, 29, 9, 
2016/6/16, 2, 5, 38, 8, 
2016/6/17, 1, 7, 34, 5, 
2016/6/18, 1, 6, 37, 4, 
2016/6/19, 1, 4, 49, 6, 
2016/6/20, 1, 7, 54, 7, 
2016/6/21, 2, 11, 81, 7, 
2016/6/22, 3, 18, 91, 8, 
2016/6/23, 4, 25, 98, 9, 
2016/6/24, 4, 15, 52, 6, 
2016/6/25, 2, 11, 42, 4, 
2016/6/26, 1, 5, 36, 3, 
2016/6/27, 1, 8, 57, 6, 
2016/6/28, 2, 15, 76, 5, 
2016/6/29, 3, 18, 67, 8, 
2016/6/30, 3, 20, 76, 7, 
2016/1/4, 5, 19, 7, 15, 1
2016/1/5, 5, 12, 15, 13, 1
2016/1/6, 3, 9, 11, 19, 2
2016/1/7, 5, 18, 9, 20, 2
2016/1/8, 6, 27, 1, 19, 2
2016/1/9, 8, 18, 5, 15, 1
2016/1/10, 6, 12, 1, 20, 1
2016/1/11, 7, 12, 9, 20, 1
2016/1/12, 5, 7, 24, 15, 1
2016/1/13, 2, 17, 13, 23, 2
2016/1/14, 6, 12, 27, 16, 1
2016/1/15, 4, 3, 23, 8, 
2016/1/16, 1, 2, 29, 6, 
2016/1/17, 1, 10, 24, 17, 1
2016/1/18, 3, 16, 20, 19, 2
2016/1/19, 4, 32, 10, 25, 2
2016/1/20, 8, 47, 7, 29, 2
2016/1/21, 12, 52, 8, 29, 2
2016/1/22, 13, 51, 10, 25, 2
2016/1/23, 12, 32, 14, 23, 2
2016/1/24, 8, 27, 10, 26, 3
2016/1/25, 8, 35, 6, 27, 3
2016/1/26, 11, 37, 2, 27, 3
2016/1/27, 13, 34, 5, 24, 3
2016/1/28, 10, 16, 4, 18, 2
2016/1/29, 6, 34, 6, 20, 2
2016/1/30, 9, 25, 14, 17, 2
2016/1/31, 6, 30, 5, 27, 2
2016/2/1, 12, 56, 1, 29, 2
2016/2/2, 24, 44, 23, 22, 1
2016/2/3, 18, 6, 29, 15, 1
2016/2/4, 4, 18, 18, 21, 1
2016/2/5, 6, 35, 8, 20, 1
2016/2/6, 8, 18, 12, 16, 
2016/2/7, 5, 14, 9, 19, 1
2016/2/8, 5, 13, 4, 22, 1
2016/2/9, 6, 5, 30, 15, 1
2016/2/10, 2, 8, 25, 17, 1
2016/2/11, 3, 20, 14, 21, 1
2016/2/12, 6, 23, 14, 18, 1
2016/2/13, 5, 33, 6, 20, 1
2016/2/14, 8, 14, 22, 16, 1
2016/2/15, 4, 19, 7, 21, 1
2016/2/16, 6, 7, 8, 18, 
2016/2/17, 3, 14, 13, 19, 1
2016/2/18, 4, 9, 26, 13, 1
2016/2/19, 3, 5, 31, 12, 
2016/2/20, 3, 10, 27, 15, 1
2016/2/21, 3, 23, 18, 20, 1
2016/2/22, 6, 18, 17, 22, 
2016/2/23, 7, 12, 34, 12, 
2016/2/24, 3, 21, 20, 16, 
2016/2/25, 4, 26, 14, 18, 
2016/2/26, 5, 14, 17, 13, 
2016/2/27, 3, 7, 17, 14, 
2016/2/28, 3, 11, 11, 23, 1
2016/2/29, 5, 5, 31, 12, 
2016/3/1, 2, 12, 25, 16, 1
2016/3/2, 3, 2, 35, 7, 
2016/3/3, 1, 6, 25, 19, 1
2016/3/4, 2, 12, 13, 28, 1
2016/3/5, 6, 14, 23, 21, 1
2016/3/6, 5, 6, 28, 22, 1
2016/3/7, 3, 6, 33, 14, 1
2016/3/8, 2, 9, 35, 18, 1
2016/3/9, 2, 10, 31, 20, 1
2016/3/10, 3, 15, 30, 19, 1
2016/3/11, 4, 25, 32, 14, 1
2016/3/12, 5, 22, 33, 10, 1
2016/3/13, 4, 20, 28, 13, 1
2016/3/14, 4, 21, 27, 17, 1
2016/3/15, 4, 7, 28, 12, 
2016/3/16, 2, 11, 28, 14, 1
2016/3/17, 3, 10, 33, 16, 1
2016/3/18, 3, 9, 40, 12, 1
2016/3/19, 2, 12, 44, 10, 1
2016/3/20, 3, 18, 39, 13, 1
2016/3/21, 4, 38, 37, 14, 1
2016/3/22, 5, 20, 38, 7, 
2016/3/23, 2, 17, 34, 12, 
2016/3/24, 2, 28, 36, 14, 1
2016/3/25, 4, 29, 36, 13, 1
2016/3/26, 4, 46, 41, 12, 1
2016/3/27, 5, 20, 26, 8, 
2016/3/28, 3, 21, 33, 12, 
2016/3/29, 4, 14, 27, 14, 
2016/3/30, 4, 24, 19, 16, 
2016/3/31, 5, 35, 20, 16, 
2015/10/1, 3, 15, 24, 9, 
2015/10/2, 5, 15, 7, 15, 
2015/10/3, 4, 8, 7, 15, 
2015/10/4, 2, 6, 28, 7, 
2015/10/5, 3, 18, 13, 13, 
2015/10/6, 5, 17, 16, 13, 
2015/10/7, 5, 9, 22, 11, 
2015/10/8, 3, 9, 21, 12, 
2015/10/9, 3, 9, 25, 9, 
2015/10/10, 3, 15, 24, 8, 
2015/10/11, 3, 19, 20, 13, 1
2015/10/12, 5, 12, 18, 11, 
2015/10/13, 3, 6, 21, 9, 
2015/10/14, 2, 5, 22, 13, 
2015/10/15, 2, 6, 20, 11, 
2015/10/16, 2, 21, 19, 10, 
2015/10/17, 3, 25, 19, 10, 1
2015/10/18, 5, 16, 17, 12, 1
2015/10/19, 4, 14, 22, 13, 1
2015/10/20, 4, 24, 19, 15, 1
2015/10/21, 5, 22, 21, 15, 1
2015/10/22, 5, 33, 19, 17, 1
2015/10/23, 8, 22, 19, 13, 1
2015/10/24, 6, 16, 18, 11, 1
2015/10/25, 5, 16, 19, 15, 1
2015/10/26, 5, 24, 17, 17, 1
2015/10/27, 7, 23, 8, 17, 1
2015/10/28, 7, 10, 9, 15, 1
2015/10/29, 4, 12, 11, 14, 1
2015/10/30, 4, 19, 19, 12, 1
2015/10/31, 6, 22, 22, 12, 1
2015/11/1, 6, 20, 16, 16, 1
2015/11/2, 6, 16, 12, 19, 1
2015/11/3, 6, 14, 14, 18, 1
2015/11/4, 5, 14, 14, 16, 1
2015/11/5, 6, 14, 11, 18, 1
2015/11/6, 6, 12, 14, 16, 1
2015/11/7, 5, 9, 15, 15, 1
2015/11/8, 4, 16, 12, 19, 2
2015/11/9, 6, 17, 9, 24, 2
2015/11/10, 7, 24, 11, 21, 2
2015/11/11, 8, 20, 10, 22, 2
2015/11/12, 7, 18, 12, 21, 2
2015/11/13, 7, 37, 6, 22, 1
2015/11/14, 11, 38, 8, 21, 1
2015/11/15, 10, 33, 5, 21, 2
2015/11/16, 11, 39, 3, 24, 2
2015/11/17, 14, 30, 9, 22, 2
2015/11/18, 11, 38, 4, 27, 1
2015/11/19, 14, 24, 8, 22, 2
2015/11/20, 8, 14, 29, 12, 1
2015/11/21, 5, 2, 27, 7, 1
2015/11/22, 1, 12, 22, 18, 1
2015/11/23, 5, 16, 13, 21, 1
2015/11/24, 5, 31, 6, 26, 
2015/11/25, 9, 21, 22, 16, 
2015/11/26, 6, 11, 21, 18, 1
2015/11/27, 5, 19, 7, 23, 3
2015/11/28, 7, 21, 10, 23, 3
2015/11/29, 7, 19, 11, 26, 3
2015/11/30, 7, 24, 10, 30, 3
2015/12/1, 9, 49, 4, 30, 3
2015/12/2, 16, 32, 4, 25, 3
2015/12/3, 11, 28, 4, 25, 3
2015/12/4, 10, 62, 5, 33, 2
2015/12/5, 21, 44, 9, 20, 2
2015/12/6, 10, 43, 7, 23, 2
2015/12/7, 11, 24, 9, 19, 2
2015/12/8, 7, 16, 19, 19, 2
2015/12/9, 6, 14, 17, 22, 2
2015/12/10, 5, 19, 7, 24, 2
2015/12/11, 6, 15, 9, 21, 2
2015/12/12, 6, 21, 11, 19, 2
2015/12/13, 6, 32, 5, 22, 2
2015/12/14, 10, 23, 7, 24, 2
2015/12/15, 8, 21, 8, 23, 2
2015/12/16, 7, 22, 5, 23, 2
2015/12/17, 8, 20, 4, 23, 2
2015/12/18, 9, 15, 5, 20, 2
2015/12/19, 6, 14, 8, 18, 2
2015/12/20, 6, 33, 2, 23, 2
2015/12/21, 11, 21, 6, 22, 2
2015/12/22, 8, 21, 6, 22, 2
2015/12/23, 8, 49, 1, 25, 1
2015/12/24, 19, 18, 9, 13, 1
2015/12/25, 6, 13, 9, 14, 1
2015/12/26, 4, 13, 8, 16, 2
2015/12/27, 5, 17, 7, 20, 2
2015/12/28, 6, 18, 6, 22, 2
2015/12/29, 6, 24, 8, 23, 2
2015/12/30, 7, , , , 
2016/1/3, 8, 19, 8, 16, 1
2015/9/22, 5, 15, 20, 14, 
2015/9/23, 2, 10, 25, 11, 
2015/9/24, 2, 4, 28, 8, 
2015/9/25, 3, 8, 28, 12, 
2015/9/26, 4, 9, 36, 9, 
2015/9/27, 3, 14, 28, 7, 
2015/9/28, 3, 16, 24, 9, 
2015/9/29, 3, 15, 20, 9, 
2015/9/30, 3, 15, 23, 11, 
2025/12/31, , 22, 18, 10, 
2024/12/31, , 12, 11, 14, 
2024/4/20, , 2, 37, 2, 
2023/12/26, , 12, 13, 12, 
2023/1/29, , 21, 34, 16, 
2022/10/1, , 6, 27, 5, 
2022/10/2, , 6, 27, 5, 
2022/10/3, , 6, 24, 8, 
2022/10/4, , 13, 28, 9, 
2022/10/5, , 21, 25, 7, 
2022/10/6, , 23, 31, 8, 
2022/10/7, , 15, 28, 9, 
2022/10/8, , 13, 18, 5, 
2022/10/11, , 15, 16, 7, 
2022/10/12, , 21, 24, 9, 
2022/10/13, , 24, 23, 8, 
2022/10/14, , 23, 21, 8, 
2022/10/15, , 23, 26, 6, 
2022/10/16, , 22, 24, 6, 
2022/10/17, , 21, 24, 8, 
2022/10/18, , 18, 22, 9, 
2022/10/19, , 19, 22, 9, 
2022/10/20, , 28, 20, 11, 
2022/10/21, , 24, 13, 12, 
2022/10/22, , 6, 17, 7, 
2022/10/23, , 7, 7, 7, 
2022/10/24, , 17, 8, 15, 
2022/10/25, , 17, 15, 8, 
2022/10/26, , 20, 15, 8, 
2022/10/27, , 19, 16, 8, 
2022/10/28, , 17, 14, 9, 
2022/10/29, , 16, 15, 7, 
2022/10/30, , 18, 13, 6, 
2022/10/31, , 19, 11, 10, 
2022/11/1, , 17, 9, 8, 
2022/11/2, , 19, 12, 8, 
2022/11/3, , 16, 21, 9, 
2022/11/4, , 4, 27, 8, 
2022/11/5, , 2, 25, 4, 
2022/11/6, , 4, 17, 7, 
2022/11/7, , 8, 15, 11, 
2022/11/8, , 13, 7, 16, 
2022/11/9, , 15, 4, 16, 
2022/11/10, , 13, 10, 11, 
2022/11/11, , 10, 11, 9, 
2022/11/12, , 8, 7, 10, 
2022/11/13, , 7, 6, 8, 
2022/11/14, , 11, 11, 12, 
2022/11/15, , 10, 5, 12, 
2022/11/16, , 8, 12, 10, 
2022/11/17, , 11, 8, 9, 
2022/11/18, , 10, 18, 12, 
2022/11/19, , 5, 16, 11, 
2022/11/20, , 5, 19, 12, 
2022/11/21, , 10, 13, 14, 
2022/11/22, , 4, 27, 11, 
2022/11/23, , 8, 23, 13, 
2022/11/24, , 10, 11, 17, 
2022/11/25, , 12, 11, 15, 
2022/11/26, , 10, 27, 11, 
2022/11/27, , 6, 23, 8, 
2022/11/28, , 24, 11, 14, 
2022/11/29, , 33, 6, 17, 
2022/11/30, , 29, 7, 14, 
2022/12/1, , 17, 9, 12, 
2022/12/2, , 16, 8, 12, 
2022/12/3, , 11, 15, 10, 
2022/12/4, , 6, 15, 11, 
2022/12/5, , 7, 10, 15, 
2022/12/6, , 7, 12, 15, 
2022/12/7, , 9, 10, 14, 
2022/12/8, , 9, 18, 10, 
2022/12/9, , 13, 8, 17, 
2022/12/10, , 7, 14, 11, 
2022/12/11, , 3, 15, 7, 
2022/12/12, , 12, 12, 15, 1
2022/12/13, , 20, 9, 17, 1
2022/12/14, , 27, 8, 19, 1
2022/12/15, , 16, 3, 20, 1
2022/7/1, , 10, 56, 3, 
2022/7/2, , 13, 69, 3, 
2022/7/3, , 16, 34, 5, 
2022/7/4, , 8, 39, 4, 
2022/7/5, , 7, 56, 4, 
2022/7/6, , 8, 54, 4, 
2022/7/7, , 9, 39, 4, 
2022/7/8, , 4, 53, 3, 
2022/7/9, , 5, 37, 2, 
2022/7/10, , 5, 65, 4, 
2022/7/11, , 9, 59, 4, 
2022/7/12, , 12, 58, 4, 
2022/7/13, , 12, 70, 6, 
2022/7/14, , 18, 54, 5, 
2022/7/15, , 16, 76, 3, 
2022/7/16, , 15, 69, 3, 
2022/7/17, , 15, 87, 4, 
2022/7/18, , 21, 89, 5, 
2022/7/19, , 22, 89, 5, 
2022/7/20, , 21, 95, 6, 
2022/7/21, , 22, 95, 6, 
2022/7/22, , 25, 55, 5, 
2022/7/23, , 14, 62, 4, 
2022/7/24, , 19, 77, 5, 
2022/7/25, , 23, 66, 5, 
2022/7/26, , 15, 66, 4, 
2022/7/27, , 9, 63, 4, 
2022/7/28, , 10, 38, 5, 
2022/7/29, , 7, 39, 3, 
2022/7/30, , 5, 45, 3, 
2022/7/31, , 6, 60, 3, 
2022/8/1, , 7, 65, 4, 
2022/8/2, , 10, 81, 4, 
2022/8/3, , 11, 81, 4, 
2022/8/4, , 11, 72, 4, 
2022/8/5, , 12, 51, 3, 
2022/8/6, , 7, 59, 3, 
2022/8/7, , 7, 59, 3, 
2022/8/8, , 5, 61, 5, 
2022/8/9, , 11, 64, 4, 
2022/8/10, , 14, 65, 4, 
2022/8/11, , 13, 58, 4, 
2022/8/12, , 13, 59, 2, 
2022/8/13, , 7, 59, 3, 
2022/8/14, , 9, 51, 3, 
2022/8/15, , 9, 55, 4, 
2022/8/16, , 11, 49, 4, 
2022/8/17, , 11, 27, 4, 
2022/8/18, , 6, 28, 7, 
2022/8/19, , 5, 31, 4, 
2022/8/20, , 3, 36, 3, 
2022/8/21, , 2, 39, 6, 
2022/8/22, , 5, 64, 6, 
2022/8/23, , 8, 64, 5, 
2022/8/24, , 11, 60, 6, 
2022/8/25, , 12, 48, 6, 
2022/8/26, , 11, 46, 4, 
2022/8/27, , 7, 54, 3, 
2022/8/28, , 9, 49, 5, 
2022/8/29, , 11, 43, 6, 
2022/8/30, , 13, 52, 5, 
2022/8/31, , 11, 54, 5, 
2022/9/1, , 10, 42, 4, 
2022/9/2, , 6, 30, 5, 
2022/9/3, , 8, 45, 3, 
2022/9/4, , 11, 40, 6, 
2022/9/5, , 12, 45, 6, 
2022/9/6, , 15, 35, 7, 
2022/9/7, , 12, 36, 5, 
2022/9/8, , 5, 40, 5, 
2022/9/9, , 7, 36, 3, 
2022/9/10, , 5, 34, 3, 
2022/9/11, , 3, 47, 6, 
2022/9/12, , 8, 51, 7, 
2022/9/13, , 11, 37, 8, 
2022/9/14, , 14, 37, 6, 
2022/9/15, , 12, 34, 6, 
2022/9/16, , 7, 32, 2, 
2022/9/17, , 4, 30, 2, 
2022/9/18, , 2, 31, 6, 
2022/9/19, , 5, 37, 6, 
2022/9/20, , 7, 22, 10, 
2022/9/21, , 9, 36, 6, 
2022/9/22, , 8, 35, 6, 
2022/9/23, , 13, 21, 8, 
2022/9/24, , 14, 25, 4, 
2022/9/25, , 9, 25, 6, 
2022/9/26, , 5, 24, 7, 
2022/9/27, , 6, 25, 7, 
2022/9/28, , 7, 20, 8, 
2022/9/29, , 9, 14, 9, 
2022/9/30, , 5, 17, 5, 
2022/4/1, , 3, 32, 4, 
2022/4/2, , 3, 33, 6, 
2022/4/3, , 5, 35, 7, 
2022/4/4, , 11, 39, 10, 
2022/4/5, , 16, 47, 12, 
2022/4/6, , 32, 43, 12, 
2022/4/7, , 35, 35, 11, 
2022/4/8, , 16, 37, 4, 
2022/4/9, , 7, 39, 5, 
2022/4/10, , 4, 43, 10, 
2022/4/11, , 11, 47, 11, 
2022/4/12, , 17, 57, 11, 
2022/4/13, , 27, 57, 12, 
2022/4/14, , 31, 70, 12, 
2022/4/15, , 29, 43, 6, 
2022/4/16, , 17, 42, 4, 
2022/4/17, , 10, 47, 5, 
2022/4/18, , 13, 45, 8, 
2022/4/19, , 18, 33, 7, 
2022/4/20, , 17, 35, 7, 
2022/4/21, , 16, 35, 9, 
2022/4/22, , 18, 27, 8, 
2022/4/23, , 9, 35, 3, 
2022/4/24, , 3, 35, 6, 
2022/4/25, , 5, 33, 6, 
2022/4/26, , 6, 43, 8, 
2022/4/27, , 8, 52, 7, 
2022/4/28, , 12, 56, 7, 
2022/4/29, , 14, 42, 5, 
2022/4/30, , 10, 46, 4, 
2022/5/1, , 6, 49, 6, 
2022/5/2, , 11, 34, 6, 
2022/5/3, , 8, 34, 7, 
2022/5/4, , 9, 22, 10, 
2022/5/5, , 10, 28, 6, 
2022/5/6, , 6, 34, 4, 
2022/5/7, , 10, 33, 3, 
2022/5/8, , 6, 44, 5, 
2022/5/9, , 10, 51, 5, 
2022/5/10, , 12, 64, 6, 
2022/5/11, , 15, 65, 6, 
2022/5/12, , 19, 56, 6, 
2022/5/13, , 20, 57, 4, 
2022/5/14, , 18, 59, 3, 
2022/5/15, , 18, 41, 5, 
2022/5/16, , 17, 40, 5, 
2022/5/17, , 11, 62, 5, 
2022/5/18, , 17, 63, 4, 
2022/5/19, , 15, 73, 5, 
2022/5/20, , 18, 60, 4, 
2022/5/21, , 22, 51, 3, 
2022/5/22, , 20, 46, 5, 
2022/5/23, , 22, 33, 7, 
2022/5/24, , 13, 33, 5, 
2022/5/25, , 7, 53, 3, 
2022/5/26, , 11, 60, 5, 
2022/5/27, , 16, 38, 4, 
2022/5/28, , 10, 33, 2, 
2022/5/29, , 5, 34, 4, 
2022/5/30, , 10, 35, 6, 
2022/5/31, , 13, 45, 5, 
2022/6/1, , 15, 39, 6, 
2022/6/2, , 14, 24, 10, 
2022/6/3, , 13, 40, 4, 
2022/6/4, , 12, 38, 4, 
2022/6/5, , 17, 54, 3, 
2022/6/6, , 9, 35, 5, 
2022/6/7, , 8, 42, 5, 
2022/6/8, , 6, 33, 3, 
2022/6/9, , 6, 37, 3, 
2022/6/10, , 5, 57, 4, 
2022/6/11, , 5, 57, 3, 
2022/6/12, , 7, 54, 5, 
2022/6/13, , 10, 70, 5, 
2022/6/14, , 13, 59, 6, 
2022/6/15, , 20, 52, 4, 
2022/6/16, , 15, 51, 5, 
2022/6/17, , 13, 75, 3, 
2022/6/18, , 17, 72, 3, 
2022/6/19, , 22, 84, 5, 
2022/6/20, , 25, 59, 5, 
2022/6/21, , 26, 26, 7, 
2022/6/22, , 17, 41, 4, 
2022/6/23, , 23, 34, 5, 
2022/6/24, , 9, 46, 3, 
2022/6/25, , 5, 49, 3, 
2022/6/26, , 11, 58, 4, 
2022/6/27, , 24, 30, 6, 
2022/6/28, , 23, 57, 2, 
2022/6/29, , 14, 62, 4, 
2022/6/30, , 18, 51, 5, 
2022/1/3, , 17, 2, 19, 
2022/1/4, , 34, 30, 10, 
2022/1/5, , 7, 27, 4, 
2022/1/6, , 3, 14, 14, 1
2022/1/7, , 9, 12, 15, 1
2022/1/8, , 17, 17, 17, 1
2022/1/9, , 21, 29, 12, 
2022/1/10, , 7, 17, 18, 2
2022/1/11, , 10, 12, 19, 2
2022/1/12, , 17, 11, 19, 2
2022/1/13, , 18, 11, 22, 2
2022/1/14, , 15, 7, 20, 2
2022/1/15, , 11, 29, 16, 2
2022/1/16, , 12, 34, 7, 
2022/1/17, , 3, 29, 15, 1
2022/1/18, , 13, 12, 19, 2
2022/1/19, , 26, 30, 14, 1
2022/1/20, , 18, 31, 12, 
2022/1/21, , 18, 20, 18, 1
2022/1/22, , 24, 19, 18, 1
2022/1/23, , 26, 14, 20, 1
2022/1/24, , 37, 18, 19, 1
2022/1/25, , 52, 11, 20, 1
2022/1/26, , 40, 6, 25, 1
2022/1/27, , 38, 34, 14, 
2022/1/28, , 16, 18, 18, 1
2022/1/29, , 12, 35, 13, 1
2022/1/30, , 8, 30, 13, 1
2022/1/31, , 25, 34, 3, 
2022/2/1, , 5, 28, 4, 
2022/2/2, , 2, 19, 16, 1
2022/2/3, , 17, 15, 17, 1
2022/2/4, , 34, 17, 17, 1
2022/2/5, , 36, 19, 17, 1
2022/2/6, , 25, 33, 8, 
2022/2/7, , 13, 18, 20, 1
2022/2/8, , 12, 19, 19, 1
2022/2/9, , 18, 21, 17, 1
2022/2/10, , 20, 33, 12, 
2022/2/11, , 17, 25, 10, 1
2022/2/12, , 8, 27, 11, 1
2022/2/13, , 16, 15, 18, 1
2022/2/14, , 26, 8, 23, 
2022/2/15, , 19, 20, 18, 1
2022/2/16, , 10, 18, 21, 1
2022/2/17, , 14, 18, 18, 1
2022/2/18, , 30, 21, 15, 
2022/2/19, , 39, 24, 13, 
2022/2/20, , 10, 31, 11, 
2022/2/21, , 8, 33, 9, 
2022/2/22, , 4, 20, 19, 1
2022/2/23, , 15, 19, 18, 1
2022/2/24, , 23, 34, 10, 
2022/2/25, , 13, 35, 3, 
2022/2/26, , 2, 33, 8, 1
2022/2/27, , 6, 29, 14, 1
2022/2/28, , 13, 30, 8, 
2022/3/1, , 17, 30, 13, 1
2022/3/2, , 22, 31, 17, 1
2022/3/3, , 33, 34, 15, 
2022/3/4, , 42, 35, 9, 
2022/3/5, , 29, 35, 7, 
2022/3/6, , 21, 33, 13, 1
2022/3/7, , 28, 27, 14, 
2022/3/8, , 29, 31, 15, 1
2022/3/9, , 28, 33, 17, 1
2022/3/10, , 38, 28, 16, 1
2022/3/11, , 36, 33, 8, 
2022/3/12, , 22, 38, 9, 
2022/3/13, , 29, 36, 11, 
2022/3/14, , 31, 20, 16, 
2022/3/15, , 28, 25, 12, 
2022/3/16, , 17, 22, 14, 
2022/3/17, , 46, 31, 15, 
2022/3/18, , 51, 40, 7, 
2022/3/19, , 30, 45, 7, 
2022/3/20, , 22, 41, 11, 1
2022/3/21, , 29, 43, 13, 1
2022/3/22, , 33, 41, 14, 1
2022/3/23, , 27, 41, 14, 
2022/3/24, , 21, 47, 14, 1
2022/3/25, , 28, 57, 11, 
2022/3/26, , 28, 56, 10, 
2022/3/27, , 32, 58, 14, 1
2022/3/28, , 35, 53, 14, 1
2022/3/29, , 43, 28, 12, 
2022/3/30, , 36, 35, 8, 
2022/3/31, , 23, 27, 6, 
2021/11/4, , 6, 19, 12, 1
2021/11/5, , 4, 24, 10, 1
2021/11/6, , 5, 23, 10, 1
2021/11/7, , 10, 17, 13, 1
2021/11/8, , 12, 13, 14, 1
2021/11/9, , 13, 11, 14, 1
2021/11/10, , 15, 9, 13, 1
2021/11/11, , 17, 7, 13, 1
2021/11/12, , 17, 3, 11, 
2021/11/13, , 12, 13, 12, 
2021/11/14, , 9, 7, 16, 
2021/11/15, , 18, 10, 12, 
2021/11/16, , 26, 3, 13, 
2021/11/17, , 13, 7, 11, 
2021/11/18, , 15, 7, 11, 
2021/11/19, , 14, 8, 10, 
2021/11/20, , 14, 10, 11, 1
2021/11/21, , 11, 2, 15, 
2021/11/22, , 11, 13, 11, 
2021/11/23, , 13, 8, 11, 
2021/11/24, , 22, 5, 15, 
2021/11/25, , 11, 10, 12, 
2021/11/26, , 10, 20, 10, 
2021/11/27, , 3, 23, 9, 
2021/11/28, , 4, 23, 9, 1
2021/11/29, , 9, 14, 16, 1
2021/11/30, , 13, 6, 20, 1
2021/12/1, , 11, 27, 13, 
2021/12/2, , 5, 27, 10, 
2021/12/3, , 10, 15, 15, 1
2021/12/4, , 14, 19, 15, 1
2021/12/5, , 6, 25, 14, 1
2021/12/6, , 8, 17, 18, 1
2021/12/7, , 17, 7, 20, 
2021/12/8, , 7, 28, 14, 
2021/12/9, , 10, 18, 18, 1
2021/12/10, , 5, 29, 10, 
2021/12/11, , 5, 28, 11, 1
2021/12/12, , 11, 8, 19, 2
2021/12/13, , 13, 3, 19, 2
2021/12/14, , 19, 5, 20, 2
2021/12/15, , 20, 6, 18, 2
2021/12/16, , 22, 5, 21, 1
2021/12/17, , 14, 6, 18, 1
2021/12/18, , 12, 10, 15, 1
2021/12/19, , 19, 6, 23, 2
2021/12/20, , 30, 2, 20, 2
2021/12/21, , 24, 7, 18, 1
2021/12/22, , 24, 8, 17, 1
2021/12/23, , 19, 5, 20, 2
2021/12/24, , 23, 6, 15, 1
2021/12/25, , 17, 9, 13, 1
2021/12/26, , 28, 3, 15, 1
2021/12/27, , 32, 6, 14, 1
2021/12/28, , 11, 21, 14, 
2021/12/29, , 16, 5, 16, 1
2021/12/30, , 11, 4, 16, 1
2021/12/31, , 12, 7, 16, 1
2022/1/1, , 15, 4, 15, 1
2020/7/19, , 13, 71, 5, 
2020/3/31, , 14, 31, 7, 
2019/12/31, , 13, 8, 15, 2
2018/12/31, , 32, 11, 17, 2
2018/1/6, , 16, 3, 15, 1
2017/1/1, , 27, 11, 22, 1
2017/2/12, , 39, 9, 18, 
2016/11/5, , 5, 27, 9, 
2016/12/25, , 15, 3, 19, 1
2016/8/16, , 9, 42, 6, 
2016/8/17, , 12, 39, 6, 
2016/1/2, , 31, 6, 17, 
2015/7/1, , 21, 109, 8, 
2015/7/2, , 25, 111, 9, 
2015/7/3, , 31, 70, 7, 
2015/7/4, , 28, 90, 5, 
2015/7/5, , 26, 89, 5, 
2015/7/6, , 30, 89, 5, 
2015/7/7, , 38, 86, 7, 
2015/7/8, , 36, 54, 6, 
2015/7/9, , 18, 43, 4, 
2015/7/10, , 9, 63, 5, 
2015/7/11, , 13, 82, 5, 
2015/7/12, , 18, 98, 5, 
2015/7/13, , 20, 60, 6, 
2015/7/14, , 15, 84, 7, 
2015/7/15, , 22, 109, 7, 
2015/7/16, , 32, 93, 8, 
2015/7/17, , 30, 76, 9, 
2015/7/18, , 20, 76, 7, 
2015/7/19, , 17, 83, 5, 
2015/7/20, , 21, 99, 7, 
2015/7/21, , 27, 87, 8, 
2015/7/22, , 25, 85, 9, 
2015/7/23, , 25, 68, 8, 
2015/7/24, , 21, 77, 8, 
2015/7/25, , 16, 65, 6, 
2015/7/26, , 8, 52, 3, 
2015/7/27, , 9, 66, 4, 
2015/7/28, , 13, 74, 6, 
2015/7/29, , 17, 42, 7, 
2015/7/30, , 11, 52, 7, 
2015/7/31, , 10, 39, 7, 
2015/8/1, , 9, 27, 7, 
2015/8/2, , 10, 55, 5, 
2015/8/3, , 11, 81, 5, 
2015/8/4, , 16, 66, 7, 
2015/8/5, , 17, 86, 7, 
2015/8/6, , 18, 86, 7, 
2015/8/7, , 21, 97, 7, 
2015/8/8, , 24, 84, 6, 
2015/8/9, , 18, 52, 4, 
2015/8/10, , 13, 42, 3, 
2015/8/11, , 17, 65, 5, 
2015/8/12, , 22, 69, 6, 
2015/8/13, , 24, 76, 7, 
2015/8/14, , 24, 45, 7, 
2015/8/15, , 18, 27, 7, 
2015/8/16, , 9, 35, 4, 
2015/8/17, , 7, 22, 5, 
2015/8/18, , 6, 32, 6, 
2015/8/19, , 5, 35, 6, 
2015/8/20, , 6, 37, 7, 
2015/8/21, , 7, 45, 7, 
2015/8/22, , 11, 47, 5, 
2015/8/23, , 14, 33, 5, 
2015/8/24, , 11, 24, 9, 
2015/8/25, , 14, 45, 11, 
2015/4/1, , 5, 33, 9, 1
2015/4/2, , 5, 37, 9, 
2015/4/3, , 8, 36, 9, 
2015/4/4, , 17, 37, 7, 
2015/4/5, , 19, 38, 7, 1
2015/4/6, , 11, 39, 6, 
2015/4/7, , 8, 38, 13, 1
2015/4/8, , 13, 38, 19, 
2015/4/9, , 28, 48, 21, 
2015/4/10, , 52, 55, 16, 1
2015/4/11, , 39, 26, 12, 1
2015/4/12, , 20, , , 
2015/4/14, , 14, 58, 12, 1
2015/4/15, , 17, 46, 17, 1
2015/4/16, , 30, 35, 13, 1
2015/4/17, , 31, 37, 12, 
2015/4/18, , 15, 38, 6, 
2015/4/19, , 10, 38, 9, 1
2015/4/20, , 10, 48, 14, 1
2015/4/21, , 14, 52, 16, 
2015/4/22, , 17, 51, 13, 1
2015/4/23, , 19, 51, 10, 
2015/4/24, , 20, 43, 10, 
2015/4/25, , 24, 29, 11, 
2015/4/26, , 19, 17, 13, 
2015/4/27, , 9, 29, 14, 
2015/4/28, , 6, 34, 8, 1
2015/4/29, , 6, 39, 10, 
2015/4/30, , 7, 29, 9, 
2015/5/1, , 8, 38, 9, 
2015/5/2, , 10, 26, 6, 
2015/5/3, , 8, 18, 9, 
2015/5/4, , 11, 33, 11, 1
2015/5/5, , 22, 26, 11, 
2015/5/6, , 30, 47, 11, 1
2015/5/7, , 12, 32, 12, 
2015/5/8, , 21, 39, 9, 
2015/5/9, , 13, 43, 6, 
2015/5/10, , 6, 61, 8, 
2015/5/11, , 9, 68, 11, 1
2015/5/12, , 15, 81, 12, 
2015/5/13, , 21, 68, 10, 
2015/5/14, , 30, 37, 7, 
2015/5/15, , 25, 43, 8, 
2015/5/16, , 6, 48, 5, 
2015/5/17, , 9, 53, 7, 
2015/5/18, , 14, 39, 9, 
2015/5/19, , 19, 29, 9, 
2015/5/20, , 9, 36, 7, 
2015/5/21, , 4, 38, 6, 
2015/5/22, , 5, 33, 5, 
2015/5/23, , 5, , , 
2015/5/25, , 6, 40, 6, 
2015/5/26, , 10, 39, 5, 
2015/5/27, , 8, 55, 7, 
2015/5/28, , 8, 57, 9, 
2015/5/29, , 15, 56, 9, 
2015/5/30, , 22, 28, 6, 
2015/5/31, , 20, 46, 7, 
2015/6/1, , 17, 48, 8, 
2015/6/2, , 20, 70, 8, 
2015/6/3, , 18, 98, 8, 
2015/6/4, , 20, 78, 8, 
2015/6/5, , 24, 88, 7, 
2015/6/6, , 24, 73, 5, 
2015/6/7, , 16, 53, 5, 
2015/6/8, , 12, 38, 8, 
2015/6/9, , 8, 44, 9, 
2015/6/10, , 12, 70, 8, 
2015/6/11, , 18, 45, 9, 
2015/6/12, , 22, 36, 8, 
2015/6/13, , 18, 30, 6, 
2015/6/14, , 16, 36, 8, 
2015/6/15, , 12, 25, 9, 
2015/6/16, , 9, 58, 8, 
2015/6/17, , 7, 64, 9, 
2015/6/18, , 12, 42, 8, 
2015/6/19, , 13, 42, 5, 
2015/6/20, , 8, 47, 3, 
2015/6/21, , 6, 52, 6, 
2015/6/22, , 11, 35, 7, 
2015/6/23, , 14, 52, 5, 
2015/6/24, , 7, 61, 6, 
2015/6/25, , 8, 78, 7, 
2015/6/26, , 10, 91, 7, 
2015/6/27, , 15, 39, 6, 
2015/6/28, , 19, 81, 4, 
2015/6/29, , 14, 86, 6, 
2015/6/30, , 18, 104, , 
2015/1/1, , 23, 4, 17, 3
2015/1/2, , 19, 6, 22, 3
2015/1/3, , 15, 1, 24, 
2015/1/4, , 18, 10, 15, 1
2015/1/5, , 8, 19, 22, 3
2015/1/6, , 11, 13, 18, 
2015/1/7, , 21, 10, 21, 
2015/1/8, , 27, 6, 23, 3
2015/1/9, , 21, 2, 26, 4
2015/1/10, , 18, 32, 23, 3
2015/1/11, , 17, 28, 13, 1
2015/1/12, , 8, 8, 28, 3
2015/1/13, , 13, 3, 32, 4
2015/1/14, , 25, 4, 25, 3
2015/1/15, , 19, , 27, 2
2015/1/16, , 16, 21, 22, 1
2015/1/17, , 9, 14, 13, 
2015/1/18, , 6, 17, 15, 2
2015/1/19, , 9, 12, 18, 
2015/1/20, , 11, 4, 21, 2
2015/1/21, , 11, 2, 29, 2
2015/1/22, , 12, 17, 23, 2
2015/1/23, , 12, 29, 21, 2
2015/1/24, , 8, 26, 9, 1
2015/1/25, , 5, 18, 11, 1
2015/1/26, , 4, 30, 20, 2
2015/1/27, , 9, 22, 14, 1
2015/1/28, , 6, 11, 23, 2
2015/1/29, , 13, 24, 27, 2
2015/1/30, , 22, 18, 19, 2
2015/1/31, , 10, 5, 19, 
2015/2/1, , 12, 20, 18, 3
2015/2/2, , 8, 10, 20, 
2015/2/3, , 10, 7, 22, 2
2015/2/4, , 17, 9, 23, 2
2015/2/5, , 14, 8, 26, 2
2015/2/6, , 10, 18, 18, 1
2015/2/7, , 9, 35, 12, 1
2015/2/8, , 10, 34, 11, 1
2015/2/9, , 8, 23, 18, 2
2015/2/10, , 12, 8, 28, 3
2015/2/11, , 28, 14, 27, 3
2015/2/12, , 40, 3, 29, 2
2015/2/13, , 69, 7, 24, 1
2015/2/14, , 59, 2, 24, 2
2015/2/15, , 20, 4, 27, 2
2015/2/16, , 19, 14, 26, 3
2015/2/17, , 15, 23, 22, 2
2015/2/18, , 20, 17, 21, 2
2015/2/19, , 36, 29, 21, 
2015/2/20, , 31, 16, 19, 1
2015/2/21, , 28, 20, 25, 1
2015/2/22, , 14, 13, 23, 2
2015/2/23, , 9, 35, 27, 2
2015/2/24, , 11, 35, 9, 1
2015/2/25, , 5, 26, 9, 1
2015/2/26, , 6, 22, 19, 2
2015/2/27, , 19, 25, 16, 1
2015/2/28, , 14, 35, 13, 2
2015/3/1, , 7, 37, 15, 
2015/3/2, , 14, 34, 11, 1
2015/3/3, , 9, 35, 16, 1
2015/3/4, , 23, 34, 7, 
2015/3/5, , 14, 29, 8, 1
2015/3/6, , 7, 10, 16, 1
2015/3/7, , 11, 7, , 2
2015/3/8, , 17, 17, 14, 
2015/3/9, , 23, 4, 23, 2
2015/3/10, , 43, 8, 22, 
2015/3/11, , 48, 27, 18, 1
2015/3/12, , 37, 11, 22, 2
2015/3/13, , 52, 19, 20, 2
2015/3/14, , 39, 17, 15, 2
2015/3/15, , 37, 27, 13, 1
2015/3/16, , 42, 21, 17, 1
2015/3/17, , 20, 18, 20, 1
2015/3/18, , 15, 30, 23, 
2015/3/19, , 46, 28, 20, 
2015/3/20, , 61, 24, 22, 
2015/3/21, , 56, 27, 14, 1
2015/3/22, , 49, 12, 16, 1
2015/3/23, , 29, 17, 20, 
2015/3/24, , 33, 26, 21, 1
2015/3/25, , 32, 16, 18, 1
2015/3/26, , 23, 36, 16, 1
2015/3/27, , 17, 36, 7, 
2015/3/28, , 6, 7, 15, 1
2015/3/29, , 9, 35, 14, 1
2015/3/30, , 18, 38, 10, 1
2015/3/31, , 7, 40, 6, 
2014/10/1, , 24, 29, 13, 
2014/10/2, , 20, 27, 13, 
2014/10/3, , 17, 30, 12, 
2014/10/4, , 19, 31, 10, 
2014/10/5, , 17, 25, 9, 
2014/10/6, , 17, 11, 14, 
2014/10/7, , 14, 10, 16, 
2014/10/8, , 14, 5, 16, 1
2014/10/9, , 15, 11, 14, 
2014/10/10, , 21, 14, 14, 
2014/10/11, , 25, 12, 11, 
2014/10/12, , 13, 20, 9, 
2014/10/13, , 12, 16, 14, 
2014/10/14, , 9, 13, 12, 
2014/10/15, , 9, 7, 12, 1
2014/10/16, , 12, 15, 13, 
2014/10/17, , 14, 22, 11, 
2014/10/18, , 12, 25, 9, 
2014/10/19, , 14, 18, 10, 
2014/10/20, , 17, 15, 12, 
2014/10/21, , 19, 28, 11, 1
2014/10/22, , 13, 34, 4, 
2014/10/23, , 5, 24, 9, 
2014/10/24, , 6, 19, 18, 
2014/10/25, , 9, , , 
2014/10/27, , 19, 16, 13, 
2014/10/28, , 20, 13, 18, 
2014/10/29, , 29, 21, 16, 
2014/10/30, , 30, 19, 17, 1
2014/10/31, , 29, 20, 16, 
2014/11/1, , 25, 20, 12, 
2014/11/2, , 12, 24, 15, 1
2014/11/3, , 12, 23, 14, 
2014/11/4, , 12, 30, 16, 
2014/11/5, , 8, 19, 19, 
2014/11/6, , 8, 8, 19, 1
2014/11/7, , 10, 10, 14, 1
2014/11/8, , 11, 9, 13, 1
2014/11/9, , 13, 16, 13, 
2014/11/10, , 10, 9, 20, 1
2014/11/11, , 8, 20, 21, 
2014/11/12, , 9, 19, 16, 1
2014/11/13, , 8, 3, 16, 1
2014/11/14, , 10, 22, 16, 
2014/11/15, , 13, 21, 11, 
2014/11/16, , 7, 16, 15, 
2014/11/17, , 8, 13, 16, 1
2014/11/18, , 8, 10, 16, 1
2014/11/19, , 10, 7, 19, 2
2014/11/20, , 10, 7, 20, 2
2014/11/21, , 11, 10, 17, 2
2014/11/22, , 12, 12, 14, 
2014/11/23, , 12, 2, 18, 2
2014/11/24, , 16, 1, 19, 2
2014/11/25, , 19, 3, 22, 1
2014/11/26, , 26, 4, 19, 1
2014/11/27, , 15, 1, 19, 
2014/11/28, , 13, , , 
2014/12/1, , 14, 4, 18, 1
2014/12/2, , 14, 5, 17, 
2014/12/3, , 12, 1, 17, 1
2014/12/4, , 18, 1, 18, 1
2014/12/5, , 19, 4, 15, 
2014/12/6, , 16, 7, 11, 
2014/12/7, , 11, 8, 12, 2
2014/12/8, , 13, 25, 14, 1
2014/12/9, , 13, 14, 17, 1
2014/12/10, , 8, 3, 24, 3
2014/12/11, , 14, 5, 25, 
2014/12/12, , 15, 3, 24, 2
2014/12/13, , 17, 1, 19, 2
2014/12/14, , 22, 2, 19, 1
2014/12/15, , 18, 3, 22, 1
2014/12/16, , 12, 2, 23, 2
2014/12/17, , 13, 4, 22, 2
2014/12/18, , 14, 2, 21, 2
2014/12/19, , 14, 3, 18, 
2014/12/20, , 15, 23, 17, 2
2014/12/21, , 15, 9, 20, 2
2014/12/22, , 10, 6, 22, 
2014/12/23, , 12, 2, 22, 3
2014/12/24, , 14, 13, 17, 2
2014/12/25, , 13, 29, 8, 2
2014/12/26, , 7, 15, 9, 2
2014/12/27, , 5, 24, 13, 2
2014/12/28, , 9, , , 
2014/7/1, , 8, 26, 10, 
2014/7/2, , 9, 52, 8, 
2014/7/3, , 9, 31, 10, 
2014/7/4, , 13, 47, 9, 
2014/7/5, , 13, 49, 5, 
2014/7/6, , 13, 35, 7, 
2014/7/7, , 12, 28, 9, 
2014/7/8, , 9, 30, 10, 
2014/7/9, , 7, 29, 9, 
2014/7/10, , 7, 40, 9, 
2014/7/11, , 8, 42, 8, 
2014/7/12, , 7, 34, 5, 
2014/7/13, , 8, 57, 6, 
2014/7/14, , 12, 28, 7, 
2014/7/15, , 14, 64, 8, 
2014/7/16, , 13, 90, 8, 
2014/7/17, , 15, 97, 8, 
2014/7/18, , 18, 77, 8, 
2014/7/19, , 22, 36, 6, 
2014/7/20, , 23, 28, 8, 
2014/7/21, , 13, 37, 10, 
2014/7/22, , 14, 57, 9, 
2014/7/23, , 15, 33, 8, 
2014/7/24, , 16, 53, 7, 
2014/7/25, , 12, 41, 6, 
2014/7/26, , 10, 46, 4, 
2014/7/27, , 8, 39, 7, 
2014/7/28, , 11, 31, 11, 
2014/7/29, , 9, 21, 12, 
2014/7/30, , 8, 66, 11, 
2014/7/31, , 11, 38, 8, 1
2014/8/1, , 13, 32, 8, 
2014/8/2, , 15, 34, 7, 
2014/8/3, , 11, 41, 6, 
2014/8/4, , 11, 43, 7, 
2014/8/5, , 11, 45, 7, 
2014/8/6, , 11, 64, 7, 
2014/8/7, , 13, 43, 8, 
2014/8/8, , 15, 41, 6, 
2014/8/9, , 17, 34, 6, 
2014/8/10, , 13, 23, 7, 
2014/8/11, , 14, 31, 9, 
2014/8/12, , 15, 19, 9, 
2014/8/13, , 12, 31, 9, 
2014/8/14, , 9, 34, 5, 
2014/8/15, , 7, 37, 4, 
2014/8/16, , 9, 17, 6, 
2014/8/17, , 8, 37, 6, 
2014/8/18, , 10, 29, 8, 
2014/8/19, , 12, 33, 8, 
2014/8/20, , 11, 39, 7, 
2014/8/21, , 10, 40, 7, 
2014/8/22, , 11, 39, 7, 
2014/8/23, , 13, 21, 5, 
2014/8/24, , 10, 18, 8, 
2014/8/25, , 8, 24, 11, 
2014/8/26, , 9, 31, 8, 
2014/8/27, , 10, 35, 8, 
2014/8/28, , 8, 45, 8, 
2014/8/29, , 11, 45, 7, 
2014/8/30, , 15, 33, 6, 
2014/8/31, , 14, 36, 3, 
2014/9/1, , 5, 38, 5, 
2014/9/2, , 5, 29, 8, 
2014/9/3, , 6, 20, 11, 
2014/9/4, , 9, 17, 13, 
2014/9/5, , 11, 41, 10, 
2014/9/6, , 10, 47, 6, 
2014/9/7, , 10, 51, 7, 
2014/9/8, , 14, 23, 10, 
2014/9/9, , 16, 37, 10, 
2014/9/10, , 12, 35, 8, 
2014/9/11, , 10, 37, 9, 
2014/9/12, , 8, 42, 9, 
2014/9/13, , 7, 33, 7, 
2014/9/14, , 10, 44, 8, 
2014/9/15, , 13, 36, 11, 
2014/9/16, , 18, 33, 12, 
2014/9/17, , 19, 19, 12, 
2014/9/18, , 15, 14, 15, 
2014/9/19, , 12, 26, 13, 
2014/9/20, , 12, 32, 7, 
2014/9/22, , 9, 35, 8, 1
2014/9/23, , 8, 31, 12, 1
2014/9/24, , 13, 34, 11, 
2014/9/25, , 13, 36, 11, 
2014/9/26, , 14, 40, 11, 
2014/9/27, , 16, 43, 9, 
2014/9/28, , 23, 32, 9, 
2014/9/29, , 27, 24, 13, 
2014/9/30, , 20, 27, 15, 
2014/4/1, , 22, 34, 13, 1
2014/4/2, , 25, 20, 17, 1
2014/4/3, , 31, 31, 22, 1
2014/4/4, , 39, 37, 14, 1
2014/4/5, , 37, 15, 11, 
2014/4/6, , 31, 40, 13, 
2014/4/7, , 22, 20, 19, 1
2014/4/8, , 26, 40, 11, 
2014/4/9, , 13, 37, 12, 1
2014/4/10, , 8, 45, 13, 
2014/4/11, , 12, 42, 10, 
2014/4/12, , 20, 48, 8, 
2014/4/13, , 21, 46, 11, 1
2014/4/14, , 20, 43, 7, 
2014/4/15, , 15, 38, 7, 
2014/4/16, , 8, 36, 10, 1
2014/4/17, , 10, 26, 15, 1
2014/4/18, , 16, 38, 18, 
2014/4/19, , 21, , , 
2014/4/21, , 10, 37, 8, 
2014/4/22, , 10, 42, 10, 1
2014/4/23, , 10, 44, 12, 
2014/4/24, , 12, 43, 15, 
2014/4/25, , 12, 57, 11, 
2014/4/26, , 11, 38, 6, 
2014/4/27, , 10, 17, 12, 
2014/4/28, , 7, 30, 14, 1
2014/4/29, , 7, 26, 11, 
2014/4/30, , 9, 41, 10, 
2014/5/1, , 10, 33, 8, 
2014/5/2, , 8, 43, 11, 
2014/5/3, , 9, 43, 3, 
2014/5/4, , 5, 49, 7, 1
2014/5/5, , 8, 41, 11, 
2014/5/6, , 14, 29, 13, 
2014/5/7, , 18, 41, 11, 
2014/5/8, , 13, 53, 11, 1
2014/5/9, , 15, 54, 9, 
2014/5/10, , 15, 37, 7, 
2014/5/11, , 16, 40, 6, 
2014/5/12, , 9, 37, 7, 
2014/5/13, , 7, 39, 6, 
2014/5/14, , 6, 42, 4, 
2014/5/15, , 6, 44, 4, 
2014/5/16, , 7, 43, 5, 
2014/5/17, , 6, 59, 6, 1
2014/5/18, , 9, 53, 7, 
2014/5/19, , 13, 46, 7, 
2014/5/20, , 17, 51, 9, 
2014/5/21, , 17, 33, 10, 
2014/5/22, , 20, 43, 10, 
2014/5/23, , 20, 50, 7, 
2014/5/24, , 15, 58, 6, 
2014/5/25, , 14, 30, 10, 
2014/5/26, , 15, 37, 11, 
2014/5/27, , 11, 38, 9, 
2014/5/28, , 10, 47, 7, 
2014/5/29, , 9, 43, 8, 
2014/5/30, , 9, 45, 7, 
2014/5/31, , 9, 49, 5, 
2014/6/1, , 11, 45, 4, 
2014/6/2, , 12, 40, 7, 
2014/6/3, , 10, 29, 9, 
2014/6/4, , 12, 50, 9, 
2014/6/5, , 10, 52, 8, 
2014/6/6, , 13, 74, 7, 
2014/6/7, , 17, 70, 6, 
2014/6/8, , 18, 113, 5, 
2014/6/9, , 19, 90, 6, 
2014/6/10, , 20, 87, 9, 
2014/6/11, , 20, 97, 9, 
2014/6/12, , 19, 70, 8, 
2014/6/13, , 15, 56, 7, 
2014/6/14, , 13, 32, 5, 
2014/6/15, , 10, 45, 5, 
2014/6/16, , 10, 37, 6, 
2014/6/17, , 13, 47, 8, 
2014/6/18, , 12, 59, 5, 
2014/6/19, , 10, 46, 6, 
2014/6/20, , 11, 72, 6, 
2014/6/21, , 11, 60, 5, 
2014/6/22, , 19, 43, 5, 
2014/6/23, , 18, 45, 6, 
2014/6/24, , 13, 44, 7, 
2014/6/25, , 12, 42, 8, 
2014/6/26, , 13, 49, 9, 
2014/6/27, , 15, 36, 6, 
2014/6/28, , 12, 34, 6, 
2014/6/29, , 12, 34, 7, 
2014/6/30, , 9, 41, 8, 
2014/1/6, , 9, 8, 22, 3
2014/1/7, , 12, 4, 24, 
2014/1/8, , 13, 4, 22, 
2014/1/9, , 15, 10, 23, 3
2014/1/10, , 19, 1, 24, 2
2014/1/11, , 25, 10, 19, 2
2014/1/12, , 24, 3, 17, 2
2014/1/13, , 20, 4, 23, 1
2014/1/14, , 25, 7, 25, 2
2014/1/15, , 16, 6, 23, 3
2014/1/16, , 13, 1, 29, 2
2014/1/17, , 16, 2, 27, 2
2014/1/18, , 22, 5, 22, 
2014/1/19, , 18, 4, 22, 2
2014/1/20, , 17, 14, 20, 2
2014/1/21, , 13, 8, 18, 3
2014/1/22, , 11, 5, 20, 
2014/1/23, , 16, 30, 17, 2
2014/1/24, , 17, 27, 11, 1
2014/1/25, , 6, 32, 21, 2
2014/1/26, , 13, 14, 17, 2
2014/1/27, , 11, 10, 22, 2
2014/1/28, , 27, 9, 24, 2
2014/1/29, , 32, 5, 27, 2
2014/1/30, , 21, 2, 29, 2
2014/1/31, , 18, 4, 26, 2
2014/2/1, , 18, 6, 20, 1
2014/2/2, , 13, 6, 19, 1
2014/2/3, , 12, 6, 23, 
2014/2/4, , 10, 7, 20, 1
2014/2/5, , 9, 12, 22, 1
2014/2/6, , 10, 4, 21, 2
2014/2/7, , 12, 8, 23, 1
2014/2/8, , 15, 21, 18, 1
2014/2/9, , 13, 14, 18, 1
2014/2/10, , 8, 12, 25, 2
2014/2/11, , 12, 28, 20, 2
2014/2/12, , 12, 13, 22, 2
2014/2/13, , 10, 19, 27, 2
2014/2/14, , 12, 7, 24, 2
2014/2/15, , 12, 9, 21, 2
2014/2/16, , 20, 13, 17, 1
2014/2/17, , 10, 10, 19, 2
2014/2/18, , 13, 14, 21, 1
2014/2/19, , 13, 16, 23, 1
2014/2/20, , 13, 15, 19, 2
2014/2/21, , 19, 34, 14, 1
2014/2/22, , 13, 27, 12, 1
2014/2/23, , 8, 27, 14, 2
2014/2/24, , 15, 23, 19, 2
2014/2/25, , 15, 10, 24, 2
2014/2/26, , 20, 21, 21, 1
2014/2/27, , 16, 14, 20, 
2014/2/28, , 17, 25, 17, 
2014/3/1, , 13, 28, 15, 1
2014/3/2, , 9, 17, 13, 
2014/3/3, , 11, 26, 16, 1
2014/3/4, , 11, 33, 14, 
2014/3/5, , 13, 32, 10, 1
2014/3/6, , 9, 28, 16, 1
2014/3/7, , 9, 27, 19, 1
2014/3/8, , 16, 36, 17, 1
2014/3/9, , 40, 33, 17, 1
2014/3/10, , 39, 23, 18, 
2014/3/11, , 36, 31, 22, 2
2014/3/12, , 48, 35, 22, 
2014/3/13, , 42, 37, 29, 
2014/3/14, , 47, 33, 23, 1
2014/3/15, , 48, 33, 15, 1
2014/3/16, , 16, 33, 16, 1
2014/3/17, , 9, 35, 19, 1
2014/3/18, , 16, 40, 13, 
2014/3/19, , 24, 42, 10, 1
2014/3/20, , 13, 40, 17, 1
2014/3/21, , 39, 33, 15, 1
2014/3/22, , 37, 34, 9, 
2014/3/23, , 10, 34, 5, 
2014/3/24, , 3, 31, 8, 1
2014/3/25, , 5, 30, 12, 
2014/3/26, , 10, 31, 13, 1
2014/3/27, , 11, 37, 15, 1
2014/3/28, , 10, 30, 16, 
2014/3/29, , 12, , , 
2022/1/2, , , 4, 17, 1
2021/4/11, , , 37, 6, 
2015/9/13, , , 24, 8, 
2015/9/14, , , 28, 10, 
2015/9/15, , , 28, 10, 
2015/9/16, , , 13, 18, 
2015/9/17, , , 24, 15, 
2015/9/18, , , 24, 12, 
2015/9/19, , , 34, 6, 
2015/9/20, , , 32, 4, 
2015/9/21, , , 35, 10, 
2015/4/13, , , 40, 9, 
2015/5/24, , , 36, 5, 
2014/12/31, , , 12, 16, 2
2014/10/26, , , 15, 12, 
2014/11/30, , , 5, 18, 
2014/9/21, , , 35, 7, 1
2014/3/31, , , 42, 15, 1
2014/4/20, , , 30, 7, 
2014/1/5, , , 8, 17, 2